Subject,Lecturer,Alaa Mohasseb,Alex Bennett,Alexander Gegov,Alice Good,Amanda Peart,Asim Ali,Athanasios Paraskelidis,Atefeh Khazaei,"Bander 
Al-rimy",Carrie Toptan,Claudia Iacob,Dalin Zhou,David Williams,Dongxu Gao,Elisavet Andrikopoulou,Ella Haig,Fahad Ahmad,Farzad Arabikhan,Femi Fasunlade,Grace Golcarenarenji,Hamid Khaleghzadeh,Hasheem Danbatta,Honghai Liu,Ioannis Kagalidis,Ivan Jordanov,Janka Chlebikova,Jiacheng Tan,John Cox,Julian Murphy,Katerina Kanta,Kirsten Smith,Linda Yang,Mani Ghahremani,Marjan Golmaryami ,Mark Venn,Martin Sparrius,Matt Dennis,Matthew Poole,Mo Adda,"Mohamed 
Bader",Nadim Bakhshov,Nasreen Anjum,Olumuyiwa Matthew,Paolo Serafino,Peter Bednar,Priscilla Boadi,Rahim Taheri,Rich Boakes,Rinat Khusainov,Ronel Beukman,Shelley Usher,Shikun Zhou,Sohail Safdar,Stavros Shiaeles,Taiwo Adedeji,Tamer Elboghdadly,Tobi Fajana,Uchenna Ogenyi,Valentin Adamescu,Vasileios Adamos,Xia Han,Zaynab Lamoyero,Zhaojie Ju,Eslam Amer (CREATE Team),,,,,,,
,,Y,,,,,,,,Y,,,,,Y,,,,,,,,,,,,,,,Y,,Y,,,,,,,,,,y,,,,,,,Y,Y,,,,,,Y,Y,,,,,Y,Y,,,,,,,,,
,"MSc Course Specialisation
CNAM: Computer Networks & Administration Management
CSFIT: Cyber Security & Forensic Information Technology
DA: Data Analytics
IS: Information Systems
CS: Computer Science
AIML: Artificial Intelligence and Machine Learning","DA
AIML",,"DA
IS","CSFIT
IS",,"DA
IS","CNAM
IS",,,"DA
CNAM  CSFIT IS",,"DA
IS",CSFIT,"DA
IS","CSFIT        DA               AIML
CS","DA
IS",,DA,"CNAM
CSFIT",DA,"DA
IS","CSFIT
CNAM   DA","DA
IS",CNAM,"DA
IS","DA 
CSFIT",,,"CNAM
CSFIT",,IS,"CNAM
DA",,CSFIT        DA               IS,DA,CSFIT,IS,"DA
IS",CSFIT,DA,,,DA IS AIML,,"CSFIT
IS",,"CSFIT
DA","DA
IS","AIML
DA
CSFIT
CS","CSFIT
IS       DA",,,,CSFIT,"DA
IS","DA
IS",CSFIT,DA,"CNAM
IS",CNAM,,CSFIT,"DA
IS",,,,,,,,
,Personal Research Page,Research,,Research,,,,,,Research,,,,,Research,Research,,,,,,,,,,,,,,,,,,,,,,linky,,,,,,Research ,,,,,,Research,,,,,,,Research,,,,,,,Research,Research,,,,,,,
Subject Area,Topic,,,,,,,,,,,,,,,,,,,,,,,,,,,,, ,,,,,,,,,,,,,,,,,,,,,,,,,,,,,,,,,,,,,,,,,,
AI,AI,y,,y,,,y,y,Y,y,y,,y,,y,,y,Y,,,y,y,,Y,,,,y,Y,y,y,,Y,Y,Y,,Y,,,,,,,,Y,Y,,Y,,Y,,,y,,y,y,Y,,Y,,,,,Y,Y,,,,,,,
,Autonomous Vehicles,,,,,,,,,,,,,,,,,,,,y,,,,,,,y,,,,,,,,,,,,,,y,,,,,,Y,,Y,,,y,,y,,Y,,Y,,,,,Y,,,,,,,,
,Chatbots,,,,,,,,,,,,,,,,y,,,,,,,,,,,y,,y,,Y,Y,Y,,,,Y,,,,y,,,,y,,,,,,,,,y,,Y,,Y,,,,,,,,,,,,,
,Gesture Recognition,,,,,,,,,,y,,y,,y,,,,,,y,y,,Y,,,,y,Y,,,,,,,,,,,,,Y,,,,,,,,Y,,,,,,,,,Y,,,,,Y,,,,,,,,
,Intelligent Chatbots,,,,,,,,Y,,,,,,,,y,,,,,,,,,,D,y,,y,,Y,Y,Y,,,,,,,,Y,,,,Y,,,,,,,,,y,,Y,,Y,,,,,Y,,,,,,,,
,Intelligent transport systems,,,Y,,,y,,,Y,,,,,,,,,y,,y,,,Y,,,,y,,,,Y,,,,,,,,,,,,,,,,Y,,Y,,,,,,,Y,,Y,,,,,Y,,,,,,,,
,Object defect detection,,,,,,,,,,,,y,,y,,,,,,y,y,,Y,,,,y,,,,,,Y,,,,,,,,Y,,,,,,,,Y,,,,,,,,,Y,,,,,Y,,,,,,,,
,Object recognition and tracking,,,,,,,,,,y,,,,y,,,,,,y,,,Y,,,,y,Y,,,,Y,Y,,,,,,,,Y,,,,,,,Y,Y,,,y,,,,,,Y,,,,,Y,,,,,,,,
Algorithms,Algorithms,,,,,,y,,Y,,,,,,,,,,,,,,,,,,Y,,,,,,Y,Y,Y,,,Y,,,,y,,,Y,,,,Y,,,,,,,,Y,,,,,,,,Y,,,,,,,
,Evolutionary Algorithms,,,y,,,,,,,,,,,,,,,,,,,,,,,,,,,,,,,Y,,,,,,,,,,Y,,,,Y,,,,,,,,Y,,,,,,,,,,,,,,,
,Genetic Algorithms,,,Y,,,,,,,,,,,,,,,y,,,y,,,,y,,,,,,,,,,,,,,,,,,,Y,,,,Y,,,,,,,,Y,,,,,,,,,,,,,,,
Architecture / Hardware,Computer Architecture,,,,,,,y,,,,,,,,,,,,,,,,,,,,,,y,,,,,,,,,,Y,,,,,,,Y,,,,,,,,y,,Y,,,,Y,,,,,,,,,,,
,Internet and online services,,,,,Y,,y,,,,,,,,,,,,,,,,,,,,,,,,,,,,,,Y,,,,,,,,,,,Y,Y,,,y,,y,,Y,,Y,Y,Y,,,,,,,,,,,
,Operating Systems,,,,,,,,,,,,,,,,,,,,,y,,,,,,,,y,,,,,,,,,,,,,,,,,,,,,,,,,y,,Y,,Y,,Y,,,,,,,,,,,
,Raspberry-Pi,,,,,,,y,,,,,y,,,,,,,,,,,,,,,y,Y,y,,,,,Y,,,,,,,,,,,,,,Y,Y,,,y,,y,,Y,,,,Y,,,,,,,,,,,
,Solid State Drives,,,,,,,,,,,,,,,,,,,,,,,,,,,,,,,,,,,,,,,,,,,,,,,,,,,,,,,,,,,,Y,,,,,,,,,,,
,Wired / Wireless Communications,,,,,Y,y,y,,,,,,,,,,,,,,,,,,,,,,y,,,,,,,,,,Y,,,,,,,,Y,,,,,y,,y,,,,,,Y,,,,,,,,,,,
Business,Agile Business Practices,,,,,,,,,,,,,,,,,,,,,,,,,,,,,,,,,,,,,,,,,,,,,y,,,Y,,y,y,,Y,,y,,,,,,,,,,,,,,,,
,Agile Project Management,,,,,,,,,,,,,,,,,,,,,,,,,,,,,,,Y,,,,,,,,,,,,y,,Y,,,Y,,y,y,,Y,,y,,,,,,,,,,,,,,,,
,Benefits of the Deepweb,,,,,,,,,,,,,,,,,,,,,,,,,,,,,,,,,,,,,,,,,,,,,y,,,,,,,,,y,,,,,,,,,,,,,,,,,
,Business Analysis,,,,,,,,Y,,,,,,,y,,,,,,,,Y,,,,,,,,,,,,,,,,,,,,y,,Y,,,,,y,y,y,Y,,y,,,,,,,,,,,,,,,,
,Business Information Systems,,,,,,,,,,,,,,,y,,,,,,,,Y,,,,,,,,,,,,,,,,,,,,y,,Y,,,,,y,y,,Y,y,y,Y,,,Y,,,Y,,,,,,,,,
,Business Processes,,,,,,,,,,,,,,,y,,,,,,,,,,,,,,,,,,,,,,,,,,,,y,,Y,,,,,y,y,,Y,,y,,,,,,,,,,,,,,,,
,Decision Support [Systems],,,,,,,,Y,,,,,,,,y,,,,,,,Y,,,,,,,,,,,Y,,,,,,,,,y,,Y,,Y,,Y,y,y,y,Y,y,y,Y,,,Y,,,,,,,,,,,,
,ERP,,,,,,,,,,,,,,,,,,,,,,,Y,,,,,,,,,,,,,,,,,,,,,,,,,,,y,y,,Y,y,y,,,,,,,,,,,,,,,,
,Industrial Espionage,,,,,,,,,,,,,,,,,,,,,,,,,,,,,,,,,,,,Y,,,,,,,,,Y,,,Y,,,,,,,,,,,,,,,,,,,,,,,
,Industry 4.0,,,,,,,,,,,,,,,,,,,,,,,,,,,,,,,,,,,,,,,,,,,,,y,,Y,,,,,,Y,y,,,,,,,,,,,,,,,,,
,Information Security,,,,,,y,,,y,,,,,,,,Y,,,,,,,,,,,,y,,,,,Y,,Y,,,,,,,y,,Y,,Y,Y,,y,y,,Y,y,,,,,,,,Y,,,,,,,,,
,IT Project Management,,,,,Y,,,,,,,,,,,,,,,,,,,,,,,,,,,,,,,,,,,,,,y,,,,,Y,,y,y,,Y,,y,Y,,,,,,,,,,,,,,,
,Knowledge Management [and sharing],,,,,,,,,,,,,,,y,,,,,,,,,,,,,,,,,,,,,,,,,,,,y,Y,Y,,,Y,Y,y,y,,Y,,y,,,,,,,,,,,,,,,,
,Logistics,,,,,,,,,,,,,,,,,,,,,,,,,,,,,,,,,,,,,,,,,,,,,,,,Y,,,y,,,,,Y,,,,,,,,,,,,,,,
,Organisational Change,,,,,,,,,,,,,,,,,,,,,,,,,,,,,,,,,,,,,,,,,,,,,Y,,,Y,,y,y,,,,y,,,,,,,Y,,,,,,,,,
,Organisational Learning,,,,,,,,,,,,,,,,,,,,,,,,,,,,,,,,,,,,,,,,,,,,,Y,,,Y,,y,y,,,,y,,,,,,,Y,,,,,,,,,
,Payment Systems,,,,,,,,,,,,,Y,,,,,,,,,,,,,,,,y,,,,,,,,,,,,,,,,,,,,,,,y,,y,y,,,,,,,,,,,,,,,,
,SAP,,,,,,,,,,,,,,,,,,,,,,,,,,,,,,,,,,,,,,,,,,,,,,,,,,,y,,,,y,,,,,,,,,,,,,,,,
,Supply Chain,,,,,,,,,,,,,,,,,,,,,,,Y,,,,,,,,,,,,,,,,,,,,,,y,,,,,,y,y,,y,y,Y,,,,,,,,,,,,,,,
,Use of Emerging Technologies,,,,,Y,,,,,,,,,,,,,,,,,,,,,,,,,,,,,,,,,,Y,,,,,,Y,,,Y,,y,y,,Y,y,y,Y,,,,,,,,,,,,,,,
,Work System Design,,,,,,,,,,,,,,,,,,,,,,,,,,,,,,,,,,,,,,,,,,,,,Y,,,,,,y,,Y,,y,,,,,,,,,,,,,,,,
Computation / Maths,Computational Complexity,,,Y,,,y,,,,,,,,,,,,,,,,,,,,Y,,,,y,,,Y,,,,,,,,,,,Y,,,,,,,,,,,,Y,,,,,,,Y,,,,,,,,
,Computational Intelligence,,,y,,,y,,,,y,,y,,y,y,y,y,y,,,y,,,,y,,,,y,,,,Y,,,,,,,,y,,,,,,,,Y,y,,,,y,,Y,,,,,,,,,,,,,,,
,Computational Neuroscience,,,,,,,,,,y,,,,,y,,,,,,,,,,,,,,,,,,,,,,,,,,y,,,,,,,,,,,,,y,,,,,,,,,Y,,,,,,,,
,Computational Psychology,,,,,,,,,,y,,,,,y,,,,,,,,,,,,,,,,,,,,,,Y,,,,y,,,,,,,Y,,y,,,,,,,,,,,,,,,,,,,,,
,Discrete Mathematics,,,,,,,,,,,,,,,,,,,,,,,,,,y,,,,y,,,Y,,,,,,,,,,,Y,,,,,,,,,,,,Y,,,,,,,,,,,,,,,
,Graph Theory,,,,,,y,,,,,,,,,,,,,,,,,Y,,,y,,,,y,,,Y,,,,,,,,y,,,Y,,,,Y,,,,,,,,,,,,,,,,Y,,,,,,,
,Mathematics,,,,,,,,,,,,,,,,,,,,,,,,,,y,,,,,,,Y,,,,,,,,,,,Y,,,,,,,y,,,,,Y,,,,,,,,,,,,,,,
,Number Theory,,,,,,,,,,,,,,,,,,,,,,,,,,,,,y,,,,,,,,,,,,,,,Y,,,,,,,,,,,,,,,,,,,,,,,,,,,
,Theoretical Computer Science,,,,,,y,,,,,,,Y,,,,,,,,,,,,,y,,,,,,,Y,,,,,,,,y,,,Y,,,,,,,,,,,,,,,,,,,,,,,,,,,
Computer Graphics,3D Graphics,,,,,,,,,,,,,,,,,,,,,,,,,,,y,Y,,,,,,,,,,,,,,,,,,,,Y,,,,,,,,,,,,,Y,,,,,,,,,,
,Computer Graphics,,,,,,,,,,,,,,y,,,,,,,,,,,,,y,Y,,,,,,,,,,,,,,,,,,,,Y,,,,,,,,,,,,,Y,,,,,,,,,,
,Computer Vision,,,,,,,,,,y,,,,y,,,,,,y,y,,Y,,,,y,Y,y,y,,,Y,,,,,,,,,,,,,,,Y,Y,,,,,y,,,,Y,,,,,,,,,,,,,
,Image Processing,,,,,,,,,,,,,,y,,,,,,,,,Y,,y,,y,Y,y,y,,,,,,,,,,,,,,,,,,Y,Y,,,,,y,,,,Y,,,,,Y,,,,,,,,
,Image super-resolution,,,,,,,,,,,,y,,y,,,,,,y,,,,,,,,,,,,,,,,,,,,,,,,,,,,Y,,,,,,,,,,,,,,,,,,,,,,,
,Information Visualisation,,,,,,,,,,,,,,y,y,,,,,,,,,,,,y,,,y,,,,,,,,,,,,,,,,,,Y,,y,,y,,y,,,,Y,,,,,,,,,,,,,
,Object recognition,,,,,,,,,,,,,,y,,,,,,y,,,Y,,,,y,Y,y,,,,Y,,,,,,,,,,,,,,,Y,Y,,,y,,y,,,,Y,,,Y,,,,,,,,,,
,Simulation and modelling,,,,,,,,,,,,,,y,,,,,,,,,,,,,y,,,,,,,,,,,,Y,,,,,,,,,Y,,,,y,,y,,Y,,Y,,,,,,,,,,,,,
,Virtual Reality,,,,,,,,,,y,,,,,,,,,,,,,Y,,,,y,Y,,y,,,,,,,,,y,,,,,,,,,Y,,y,,y,,y,,,,Y,,,,,,,,,,,,,
Cyber Security / Security,Authentication,,,,,,,,,y,,,,Y,,,,,,,,,Y,,,,,,,y,y,,,,,,,,,Y,,,,,,,,,,,,,,Y,y,,,,Y,,,,Y,,,,,,,,,
,Biometrics,,,,,,,,,,,,,,Y,,,,,,,,Y,Y,,,,,,y,,,,,,,,,,,,,,,,,Y,,,,,,,Y,y,,,,Y,,,Y,Y,,,,,,,,,
,Computer Security,,,,,,y,y,,y,y,,,Y,,,,,,,,,Y,,,,,,,y,y,,,,Y,,,,,y,,,Y,,,,Y,Y,Y,Y,,,,,y,,,Y,Y,,,,,,Y,,,,,,,
,Cyber Security,,,,,,y,y,,Y,y,,,Y,,,,Y,,,,,Y,Y,,,,,,y,y,,,,Y,,Y,,,Y,,,Y,,y,y,Y,Y,Y,Y,,,y,Y,y,,,Y,,,,,Y,,Y,,,,,,,
,Distributed Denial of Service Attacks,,,,,Y,y,,,Y,,,,,,,,,,,,,Y,,,,,,,y,,,,,,,,,,Y,,,Y,,,,Y,Y,Y,,,,,Y,y,,,Y,,,,,,,Y,,,,,,,
,Engineering Secure Systems,,,,,,,,,y,,,,,,,,,,,,,,,,,,,,y,,,,,,,,,,,,,,,,,,,,,,,,Y,y,,,Y,Y,,,,,,,,,,,,,
,Formal Analysis of Security Properties,,,,,,,,,y,,,,Y,,,,,,,,,,,,,,,,y,,,,,,,,,,Y,,,,,,,Y,,,,,,,,y,,,,,,,,,,,,,,,,,
,Intrusion Detection,y,,,,,y,y,,Y,,,,,,,,,,,,y,Y,Y,,,,,,y,y,,,,,,,,,,,,Y,,,,Y,Y,,,,,,Y,y,,,Y,Y,,,,,,Y,,,,,,,
,Malware Detection,y,,,,,,,,Y,,,,,,,y,,,,,,Y,,,,,,,y,y,,,,,,,,,,,,,,,,,Y,,,,,,,y,,,Y,,,,,,,Y,,,,,,,
,OSINT,,,,,,,,,Y,,,,,,,,,,,,,Y,,,,,,,y,y,,,,,,Y,,,,,,,,,,,,,,,,,,y,,,Y,,,,,Y,,,,,,,,,
,Phishing,,,,,,,y,,Y,,,,Y,,,,,,,,,Y,,,,,,,y,y,,,,,,Y,,,,,,Y,,,,Y,Y,,,,,,Y,y,,,Y,,,,,Y,,Y,,,,,,,
,Compliance,,,,,,,,,,,,,,,,,,,,,,,,,,,,,,,,,,,,Y,,,,,,,,,,,,,,,,,,,,,,,,,,Y,,,,,,,,,
,Cyber Bullying,Y,,,y,,,,,,y,,,,,y,y,,,,,,Y,,,,,,,y,,Y,Y,,,,Y,Y,,,,,,,,y,y,,Y,,,y,,Y,y,,,,,,,,Y,,Y,,,,,,,
,Cyber Psychology,Y,,,y,,,,,,y,,,,,y,y,,,,,,,,,,,,,y,,Y,,,,,Y,Y,,,,,,,,y,y,,Y,,y,y,,,y,,,,,,,,Y,,,,,,,,,
,Governance,,,,,,,,,,,,,,,,,,,,,,,,,,,,,,,,,,,,Y,,,,,,,,,y,,,,,,,,,,,,,,,,,Y,,,,,,,,,
,Ransomware,,,,,,,,,Y,,,,,,,,,,,,,Y,,,,,,,y,y,,,,,,Y,,,,,,Y,,,,Y,Y,,,,,,,y,,,Y,,,,,Y,,Y,,,,,,,
,Remote Surveilance,,,,,,y,y,,,,,,,,,,,,,,,,,,,,,,y,,,,,Y,,,,,,,,,,,,Y,,,,,,,,y,,,Y,Y,,,,,,,,,,,,,
,Risk,,,,,,,,,,,,,,,,,,,,,,,,,,,,,,,,,,,,Y,,,,,,,,,y,,,,,,,,,,,,,,,,,Y,,,,,,,,,
,Security Critical Systems,,,,,,,,,Y,,,,,,,,,,,,,,,,,,,,y,,,,,,,,,,,,,,,,y,Y,Y,,,,,,,y,,,Y,,,,,,,,,,,,,,
,Security Protocols,,,,,,y,,,Y,,,,Y,,,,Y,,,,,,,,,,,,y,,,,,,,,,,Y,,,,,,,Y,Y,,,,,,,y,,,Y,,,,,Y,,,,,,,,,
,Security Requirements at the Engineering Level,,,,,,,,,y,,,,,,,,,,,,,,,,,,,,y,,,,,,,,,,,,,,,,,Y,,,,,,,Y,y,,,Y,,,,,,,,,,,,,,
,Surveilance,,,,,,,,,,,,,,,,,,,,,,,,,,,,,y,,,,,Y,,,,,,,,,,,y,Y,,Y,,,,,,y,,,Y,,,,,,,,,,,,,,
Data Analytics,Adversarial Machine Learning,,,,,,,,,Y,,,,,y,,,,,,,,Y,,,,,,,,y,,Y,,Y,,,,,,,,,,,,,Y,,Y,,,,,y,,Y,,Y,,,,,,Y,,,,,,,
,Data Analytics,y,,,,,,,Y,y,y,,y,,y,y,y,,y,,y,y,Y,Y,,,,,,,,,Y,,Y,Y,,,,,,,,y,Y,,,Y,y,Y,y,,,,y,y,Y,,Y,,,Y,,,,,,,,,,
,Data Integration,,,,,,,,,,,,,,y,y,,,,,,,,Y,,,,,,,,,Y,,,,,,,,,,,,,,,,Y,,,,,,,y,Y,,Y,,,,,,,,,,,,,
,Data Mining,y,,,,,y,,Y,,y,,,,y,,y,,y,,y,,,Y,,,,,,y,,,Y,,Y,Y,,,,,y,,,y,Y,,,Y,Y,Y,,,,,y,y,Y,,Y,,,,,,,,,,,,,
,Data Mining [and clustering],y,,,,,,,Y,,y,,,,y,,y,,y,,y,,,Y,,,,,,y,,,Y,,Y,,,,,,,,,,,,Y,Y,,Y,,,,,y,y,Y,,Y,,,,,,,,,,,,,
,Deep Learning,y,,,,,y,,Y,Y,,,,,y,,y,Y,y,,y,y,,Y,,,,,Y,y,y,,Y,Y,Y,,,,,,,Y,,,,,,Y,,Y,,,,,y,y,Y,,Y,,,,,Y,Y,,,,,,,
,Data Warehousing,,,,,,y,,,,,,,,,y,,,,,,,,,,,,,,,,,Y,,,Y,,,,,y,,,y,Y,,Y,,,,,,,,,y,,,Y,,,,,,,,,,,,,
,Financial Analytics,,,Y,,,,,Y,,,,,,,,y,,,,,,,Y,,,,,,,,,Y,,,,,,,,,,,,,,,,,,,,,,,,,,,,,,,,,,,,,,,
,Fuzzy Systems,,,y,,,,,Y,,y,,,,,,y,Y,y,,,y,,,,,,,,y,,,,,,,,,,,,,,,,,,,,,,,,,y,,Y,,Y,,,,,Y,,,,,,,,
,Healthcare analytics,,,,,,,,,,y,,,,y,y,y,,,,,,,Y,,,,,,,,,Y,,,,,,,,,,,,,,,,,Y,,,,,,y,Y,,,,,,,,,,,,,,,
,Information Retrieval,y,,,,,,,Y,,,,,,,,y,,,,,,,,,,,,,,y,,Y,,,Y,,,,,,,,,y,,,,Y,Y,,,,,,y,,,,,,,,,Y,,,,,,,
,Knowledge Discovery,y,,Y,,,,,Y,,,,,,y,y,y,,,,,,,,,,,y,,,y,,Y,,,Y,,,,,,,,y,Y,,,,Y,,,,,,,,,,,,,,,,,,,,,,,
,Machine Learning,y,,y,,,y,,Y,Y,y,,,,y,,y,Y,y,,y,y,Y,Y,,y,,y,Y,y,y,,Y,Y,Y,,,,,,y,,,y,Y,,,Y,Y,Y,,,,,y,y,Y,,Y,,,,,,,,,,,,,
Databases,Big Data,,,,,,y,,Y,,,,,,y,,,,,,,y,,,,,,,,,y,,Y,,,Y,,,,y,,,,,,y,,,Y,Y,,,,,,,Y,,Y,Y,,,,,,,,,,,,
,Data Mining,y,,,,,y,,Y,,,,,,y,,,,,,,,,Y,,,,,,,,,Y,,,Y,,,,,,,,y,,,Y,,Y,Y,,,,,,,Y,,Y,,,,,,,,,,,,,
,Database Security,,,,,,,,,Y,,,,,,,,,,,,,,,,,,,,,,,,,,Y,,,,Y,,,,y,,,Y,,,,y,,,Y,y,,,Y,,Y,,,,,,,,,,,,
,Database Systems,,,,,,,,,,,,,,,y,,,,,,y,,,,,,,,,,,,,,Y,,,,,,,,y,Y,,,,,,y,y,,Y,,y,Y,,,y,,,,,,,,,,,,
,Relational Databases,,,,,,,,Y,,,,,,,y,,,,,,y,,,,,,,,,,,,Y,,Y,,,,,,,,y,Y,,,,,,y,y,,Y,,y,Y,,,Y,,,,,,,,,,,,
,SQL / noSQL,,,,,,,,Y,,,,,,,y,,,,,,,,,,,,,,,,,,Y,,Y,,,,Y,,,,y,Y,,,,Y,,y,y,,Y,,y,Y,,,Y,,,,,,,,,,,,
,Structured Storage,,,,,,,,,,,,,,,,,,,,,,,,,,,,,,,,,,,Y,,,,,,,,,,,,,,,,,,,,,,,,,,,,,,,,,,,,
Digital Forensics,Digital Forensics,,,,Y,,,,,Y,,,,,,,,,,,,,,,,,,,,y,y,,,,Y,,Y,,,Y,,,,,,Y,Y,Y,,,,,,Y,y,,,,,,,,Y,,,,,,,,,
,Cryptography,,,,,,y,,,y,,,,Y,,,,Y,,,,,Y,,,,,,,y,y,,,,,,,,,Y,,,,,,,Y,,,,,,,Y,y,,,,,,,,Y,,,,,,,,,
Education,Alternative Learners,,,,,Y,,,,,y,,,,,y,,,,,,,,,,,,,,,,Y,,Y,,,,Y,,,,y,,,,,,,Y,,y,,,,,,,,,,,,,,,,,,,,,
,Computer Aided Learning,y,,,,Y,,,,,y,y,,,,y,y,,,,,,,,,,,,,,,Y,,Y,,,,Y,Y,,,y,,,,,,,Y,,y,y,,,,,Y,,,Y,,Y,,,,,,,,,,
,Educational Computing / Technology / Apps,y,,,Y,Y,y,,,,y,y,,,,y,,,,,,,,,,,,,,,,Y,,Y,,,,Y,Y,,,y,,,,,,,Y,,y,y,y,Y,,y,Y,,,y,,Y,Y,,,,,,,,,
,Educational Mobile Apps,y,,,Y,Y,y,,,,y,y,,,,y,,,,,,,,,,,Y,,,,,Y,,Y,,,,Y,Y,,,y,,,,,,,Y,,y,y,y,,,y,Y,,,Y,,,,,,,,,,,,
,Introductory Programming Tools,,,,,,,,,,,,,,,y,,,,,,,,,,,,,,,,Y,,Y,,,,Y,Y,,,y,,,,,,,Y,,y,y,,,,,,,,Y,,,,,,,,,,,,
,Language Learning,y,,,,,,,,,y,,,,,y,,,,,,,,,,,Y,,,,,Y,,Y,,,,Y,Y,,,y,,,,,,,Y,,y,,,,,,,,,,,,,,,,,,,,,
,Learning Analytics,y,,,,Y,y,,,,,,,,,y,y,,,,,,,,,,,,,,,,,Y,,,,,,,,y,,,,,,,Y,,y,,,,,,,,,,,,,,,,,,,,,
,Online Learning Platforms,y,,,,Y,,,,,y,,,,,y,,,,,,,,,,,,,,,,Y,Y,Y,,,,Y,,,,y,,,,,,,Y,,y,,,Y,,,Y,,,Y,,,,,,,,,,,,
,Smart Classrooms,,,,,Y,,,,,y,,,,,y,,,,,,,,,,,,,,,,Y,,Y,,,,Y,,,,y,,,,Y,,,Y,,y,y,,Y,,,Y,,,,,,,,,,,,,,,
,Teaching Maths and / or Computer Science,,,,,,y,,,,y,,,,,y,y,y,,,,,,,,,y,,,,,Y,,Y,,,,Y,Y,,,y,,,,,,,Y,,y,y,,,,,,,,,,,,,,,,,,,,
,Technology Enhanced Active Learning (TEAL),y,,,y,Y,,,,,y,,,,,y,,,,,,,,,,,,,,,,,Y,Y,,,,Y,,,,y,,,,Y,,,Y,,y,y,,Y,,,,,Y,Y,,,,,,,,,,,,
,Technology Distraction in the Classroom,,,,y,,,,,,y,,,,,y,,,,,,,,,,,,,,,,Y,,Y,,,,Y,,,,y,,,,y,,,Y,,y,,,Y,,,,,,,,,Y,,,,,,,,,
,Technology in Education,y,,,y,Y,,,,,y,y,,,,y,y,y,,,,,,,,,,,,,,Y,,Y,,,Y,Y,Y,,,y,,,,Y,,,Y,,y,y,,Y,,y,Y,,,,,Y,Y,,,,,,,,,
,VR / AR in Education,,,,y,,,y,,,y,,,,,y,,,,,,,,,,,,y,,,,,,,,,,,,,,y,,,,,,,Y,,y,y,,,,,,,,,,,,,,,,,,,,
,Pedagogy and AI,y,,,y,,,,,,,,,,,,,,,,y,,,,,,,,,,,,,,,,y,,,,,y,,,,y,,,,,y,,,,,,y,,,,,,,,,,,,,,,
Ethics,IT Ethics,,,,,,,,,,y,,,,,y,y,,,,,,,,,,,,,,y,Y,,,,,Y,Y,,,,y,,,,y,,,,,,,,,,y,,,Y,,Y,,Y,,,,,,,,,
Forensics,Cryptography,,,,,,y,,,y,,,,Y,,,,Y,,,,,Y,,,,,,,y,y,,,,,,,,,Y,,,,,,,Y,,Y,,,,,Y,y,,Y,,,,,,Y,,,,,,,,,
,Digital forensic analysis,,,,,,,,,Y,,,,,,,,,,,,,,,,,,,,y,y,,,,Y,,Y,,,Y,,,,,,,Y,,,,,,y,,y,,Y,,,,,,,,,,,,,,,
,Digital Forensics,,,,Y,,,,,Y,,,,,,,,,,,,,,,,,,,,y,y,,,,Y,,Y,,,y,,,,,,Y,Y,,,,,,,Y,y,,Y,,,,,,Y,,,,,,,,,
HCI,Accessibility,,,,Y,,,,,,y,y,,,,y,,,,,,,,,,,,,Y,,,Y,,,,,,Y,,,,,,,,,,,Y,,,y,,,,,,,,Y,,,,,,,,,,,,
,AR,,,,Y,,,,,,,,,,,,,,,,,,,,,,,,Y,,,,,,,,,Y,,,,,,,,,,,Y,Y,,,,,,,,,,,,,,,,,,,,,,
,Human-Computer Interaction,,,,Y,,,,,,y,y,y,,y,y,y,,,,,,,Y,,,,,Y,,y,Y,,,,,,Y,Y,,,,,,,,,,Y,,y,,,Y,,y,,,Y,Y,,,,Y,,,,,,,,
,Human-Robotic Interaction,,,,Y,,,,,,y,,y,,y,,,,,,,,,Y,,,,y,Y,,,,,,Y,,,,,,,,,,,,,,Y,Y,,,y,,,,,,Y,,,,,Y,,,,,,,,
,Interactive simulation and visualisation,,,,,,,,,,,,,,y,,,,,,,,,,,,,,Y,,,,,,,,,,Y,,,,,,,,,,Y,,,,,,,,,,,,,,,,,,,,,,,
,Usability,,,,Y,,Y,,,,,y,,,,y,,,,,,,,,,,,,,,y,Y,,,,,Y,,,Y,Y,,,,,y,,,Y,,Y,,,Y,,,,,y,,,,,,,,,,,,,
,Usability and Motivation,,,,Y,,,,,,,y,,,,y,,,,,,,,,,,,,Y,,,Y,,,,,,Y,Y,,,,,,,y,,,Y,,,,,Y,,,,,,Y,,,,,,,,,,,,
,User Experience,,,,Y,,,,,,,y,,,,y,,Y,,,,,,Y,,,,,Y,,,Y,,,,,,Y,,,,,,,,Y,,,Y,,y,,,,,y,Y,,,Y,,,,,,,,,,,,
,VR,,,,,,,,,,,,,,,,,,,,,,,Y,,,,y,,,y,,,,,,,Y,,,,,,,,,,,Y,,,,,,,,,,,,,,,,,,,,,,,
Health,ASD,,,,Y,,,,,,y,,,,y,,,,,,,,,Y,,,,,,,,,,,,Y,,Y,,,,,,,,,,,,Y,,,,,,,,,,,,,,Y,,,,,,,,
,Ambient Assisted Living,,,,Y,,,,,,,,,,y,,,,,,,,,Y,,,,,,,,Y,,,,Y,,Y,,,,,,,,,,,Y,Y,,,,,,,,,,,,,,,,,,,,,,
,Autism,,,,Y,,,,,,y,,,,y,y,,,,,Y,,,Y,,,,,,,,Y,,,,Y,,Y,,,,,,,,,,,Y,Y,,,,,,,,,,,,,,,,,,,,,,
,Behavioural Modification,,,,Y,,,,,,,,,,y,y,,,,,,,,Y,,,,,,,,Y,,,,,,Y,,,,,,,,,,,Y,,,,,,,,,,,,,,,,,,,,,,,
,Clinical Decision Making,,,,,,,,,,,,,,y,y,,,,,,,,,,,,,,,,Y,,,,,,,,,,,,y,,,,,,Y,,,,,,y,,,,,,,,,,,,,,,,
,Clinical Outcome Modelling,,,,,,,,,,,,,,y,y,,,,,,,,,,,,,,,,,,,,,,,,,,,,,,,,,,Y,,,,,,y,,,,,,,,,,,,,,,,
,Cognitive Restructuring,,,,Y,,,,,,y,,,,,,,,,,,,,,,,,,,,,Y,,,,,,,,,,,,,,,,,Y,,,,,,,,,,,,,,,,,,,,,,,
,Dementia,,,,Y,,,,,,y,,,,,,,,,,Y,,,,,,,,,,,Y,,,,,,Y,,,,,,,,,,,Y,Y,,,,,,,,,,,,,,,,,,,,,,
,Digital Health,,,,Y,,Y,,,,,,,,,y,,Y,,,,,,,,,,,,,,Y,,,,,,Y,,,,,,,,,,,Y,Y,,,,Y,,y,Y,,,,,,,,,,,,,,,
,E-health,,,,Y,,,,,,,,,,,y,,Y,,,,,,,,,,,,,,Y,Y,,,,,Y,,,,,,,,,,,Y,Y,,,,Y,,y,Y,,,,,,,,,,,,,,,
,Electronic Health Records,,,,,,,,,,,,,,,y,,,,,,,,,,,,,,,,,,,,,,Y,,,,,,,,,,,,,,,,,,y,,,,,,,,,,,,,,,,
,Health / Fitness Apps,,,,Y,Y,,,,,,,,,,y,,,,,,,,,,,,,,,,Y,,,,,,Y,Y,,,,,,,,,,Y,Y,,y,y,,,y,Y,,,,,,,,,,,,,,,
,Health Informatics,,,,y,,,,,,,,,,,y,,Y,,,,,,Y,,,,,,,,Y,Y,,,Y,,Y,,,,,,,,,,,Y,Y,,,,,,y,Y,,,,,,,Y,,,,,,,,
,Health Monitoring,,,,Y,Y,,,,,y,,,,,y,,,,,,,,Y,,,,,,,,Y,,,,Y,,Y,,,,,,,,,,,Y,Y,,y,y,Y,,y,Y,,,,,,,,,,,,,,,
,Healthcare IT,,,,,,,,,,,,,,,y,,Y,,,,,,,,,,,,,,Y,,,,,,,,,,,,,,,,,Y,,,,,,,y,Y,,,,,,,,,,,,,,,
,Intelligent Systems use,,,,,,,,,,,,,,,y,,,,,,y,,,,,,,,,,Y,,,,,,,,,,,,,,y,,,Y,Y,,,,,,,Y,,,,,,,Y,,,,,,,,
,Medical Diagnosis,,,,y,,,,,,y,,,,,y,,,,,,,,Y,,,,,,,,,,,,,,,,,,,Y,,,,,,,,,,,Y,,,Y,,,,,,,,,,,,,,,
,Mental Health,,,,y,,,,,,y,,,,,y,,,,,,,,Y,,,,,,,,Y,,,,,,,,,,,,,,,,,Y,Y,,y,,,,y,,,,,,,,,,,,,,,,
,Mobile Health,,,,y,,,,,,,,,,,y,,,,,,,,Y,,,,,,,,Y,,,,,,Y,,,,,,,,,,,Y,Y,,y,,,,y,Y,,,,,,,,,,,,,,,
,Psychology,,,,Y,,,,,,y,,,,,y,,,,,,,,,,,,,,,,Y,,,,,,Y,,,,,,,,,,,Y,,,y,,,,,,,,,,,,,,,,,,,,
,Voice Controlled Home Assistant,,,,,,,y,,,,,,,,y,,,,,,,,,,,,,,,,,,,Y,Y,,Y,,,,,,,,,,,,,,,,,,,,,,,,,,,,,,,,,,
,Wellbeing applications,,,,y,,y,,,,y,,,,,y,,,,,Y,,,,,,,,,,,Y,,,,,,Y,,,,,,,,,,,Y,Y,,y,,Y,,,Y,,,,,,,,,,,,,,,
Information Systems,Development Methodologies,,,,,,,,,,,,,,,,,,,,,,,,,,,,,,,Y,,,,,,,,,,,,,,y,,,,,,y,,Y,,y,Y,,,,,,,,,,,,,,,
,Information Systems,,,,,,y,,,,,,,,,y,,,,,,,,,,,,,,,,,,,,,,,,,,,,y,,y,Y,,,,y,y,,Y,,y,Y,,,Y,,,,,,,,,,,,
,Socio-technical Approaches,,,,,,,,,,,,,,,y,,,,,,,,,,,,,,,,,,,Y,,Y,,,,,,,,,y,,,,,,,,,,y,,,,,,,,,,,,,,,,
,Socio-technical Systems,,,,,,,,,,,,,,,y,y,,,,,,,,,,,,,,,,,,Y,,,,,,,,,,,y,,,,,,,,,,y,,,,,,,,,,,,,,,,
Miscellaneous,Air/Sea Pollution Data Collection & Modeling,,,,,,,,,,,,,,,,,,,,,,,,,,,,,,,,,,,,,,,,,,,,,,,,Y,,,,,,,,Y,,,,,,,,,,,,,,,
,Behavioural Change,,,,y,,,,,,y,,,,,y,,,,,,,,,,,,,,,,Y,,,,,,Y,,,,y,,,,y,,,,,,,,,,y,,,,,,,,,,,,,,,,
,Blockchain,,,,,,,,,Y,,,,,,,,,,,,,,,,,,,,y,,,,,,,,,,Y,,,,,Y,,Y,,,,,,y,Y,y,,Y,,,,,,,,,,,,,,,
,Cloud Computing,,,,,Y,y,,,,,,,,,,,,,,,,,,,,,,,y,,,Y,,,,,,,Y,,,,y,,,Y,,Y,,,,,,y,,Y,,Y,,Y,,,,,,,,,,,
,Crypto-currencies,,,,,,,,,,,,,,,,,,,,,,,,,,,,,y,,,,,,,,,,Y,,,,,Y,,,,,,,,,,y,,Y,,,,,,,,,,,,,,,
,Disruptive Technologies,,,,,,,,,,,,,,,,,,,,,,,,,,,,,,,,,,,,Y,,,,,,,,,,,,Y,Y,,,,,y,,,,,,,,,,,,,,,,,
,Edge Computing,,,,,Y,y,,,,,,,,,,,,,,y,,,,,,,,,y,,,,,Y,,,,,,,,,,,,,,Y,Y,,,,,y,y,,,,,,,,,,,,,,,,
,Environmental Forcasting,,,Y,,,,,,,,,,,,,,Y,,,,,,,,,,,,,,,,,,,,,,,,,,,,,,,,,,,,,,,Y,,,,,,,,,,,,,,,
,Gaming,,,,,,y,,,,,,,,,y,,,,,,,,,,,,,Y,,,,,,,,Y,,,,,,,,,,,,Y,,,,,,,,,,,Y,,,,,,,,,,,,
,Intelligent Transport Systems,,,,,,y,,,,,,,,,,,,y,,y,,,,,,,,,,,Y,,,,,,,,,,,,,,,,Y,,Y,,,,,y,,Y,,,,,,,,,,,,,,,
,,,,,,Y,y,y,,,y,,y,Y,,y,,,,,,,,S,,,,,,,,,,,Y,Y,Y,,,Y,,,,,,,,,Y,,,,,,y,,Y,,,Y,,,,,,,,,,,,
,IoT Instrumentation,,,,,,,,,,,,,,,,,,,,,,,,,,,,,,,,,,,,,,,,,,Y,,,,,,Y,Y,,,,,,,,,Y,,Y,,,,,,,,,,,
,Motivation,,,,,,,,,,y,,,,,,,,,,,,,,,,,,,,,Y,,,,,,Y,,,,,,,,y,,,,,,,,,,,,,,,,,,,,,,,,,,
,Music,,,Y,,,,,,,y,,,,,,,,,,,,,,,,,,,,,Y,,,Y,,,Y,,Y,,y,,,,,,,Y,,,,,,,,,,,,,,,,,,,,,,,
,Pervasive Computing,,,,,Y,,y,,,,,,,,,,,,,,,,,,,,,,,,,Y,,,,,,,,,,,,,,,,Y,Y,,,,,,,,,,,,,,,,,,,,,,
,Robotics,,,,,,,,,,y,,y,,,,,,,,y,,,,,,,y,,,,,,,Y,,,,,,,,,,,,,,Y,Y,,,y,,,,,,Y,,,,,,,,,,,,,
,Smart Cities / Homes,,,,,Y,,y,,,,,,,,y,,,,,,,,,,,,,, ,,Y,Y,,Y,Y,,Y,,,,,Y,,,,,,Y,Y,,,,,y,,Y,,Y,Y,Y,,,,,,,,,,,
,Smart phones,,,,,,,y,,,,,,,,,,,,,,,,,,,,,,y,,,,,,,,Y,,Y,,,Y,,,,,,Y,,,,,,y,,Y,,Y,,Y,,,,,,,,,,,
,Technology and the environment / green issue,,,,,Y,,y,,,,,,,,,,,,,,,,,,,Y,,,,,Y,,,,,,Y,,,,y,,,,y,,,Y,,,,,,,,Y,,Y,,Y,,,,,,,,,,,
Mobile,Energy Efficient Applications,,,,,,,,,,,,,,,,,,,,,,,,,, ,,,,,,,,,,,,,,,,,,,,,,Y,,,,,,,,,,,,,,,,,,,,,,,
,Mobile apps,,,,,Y,y,y,,,,,,,,y,,,,,,,,,,,Y,,,,,,Y,Y,,,,Y,Y,,,y,,,,,,,Y,,,,y,,y,,Y,,,,,,,,,,,,,,,
,Mobile Communications,,,,,Y,y,y,,,,,,,,,,,,,,,,,,,,,,,,,,,,,,Y,,,,,Y,,,,,,Y,,,,,,y,,,,,,,,,,,,,,,,,
,Smartphone Intelligence,,,,,,,,,,,,,,,,,,,,,,,,,,,,,,,,,,,,,Y,,Y,,,,,,,,,Y,,,,,,y,,Y,,,,,,,y,,,,,,,,
Networks,5G / 6G,,,,,,,,,,,,,,,,,,,,,,,,,,,,,y,y,,,,,,,,,,,,Y,,,,,Y,,,,,,,y,,,,,,,,,,,,,,,,,
,Ad-hoc Networks,,,,,Y,y,,,Y,,,,,,,,,,,,,,,,,,,,,,,,,,,,,,Y,,,Y,,,,Y,Y,,,,,y,,y,,,,,,Y,,,,,,,,,,,
,Authentication,,,,,,,,,y,,,,,,,,,,,,,,,,,,,,y,y,,,,,,,,,Y,,,,,,,Y,Y,,,,,y,,y,,,,,,,,,,,,,,,,,
,Computer Networks,,Y,,,Y,y,y,,Y,,,,,,,,,,,,,,,,,,,,y,y,,,,,,,,,y,,,Y,,,,Y,Y,,,,,y,,y,y,,Y,,,y,,,,,,,,,,,
,Faults Modelling,,,,,,y,,,,,,,,,,,,,,,,,,,,,,,,,,,,,,,,,Y,,,,,,,Y,,,,,,,,,,,,,,,,,,,,,,,,,
,ICT Configuration and Administration,,,,,,,y,,,,,,,,,,,,,,,,,,,,,,,,,,,,,,,,,,,,,,,Y,Y,,,,,,,y,,,,,,y,,,,,,,,,,,
,Mobile Networks,,,,,Y,y,,,y,,,,,,,,,,,,,,,,,,,,y,,,,,,,,,,Y,,,Y,,,,,Y,,,,,y,,y,,,,,,Y,,,,,,,,,,,
,Modelling and Simulation of Complex Networks,,,Y,,Y,y,,,,,,,,,,,,,,,,,,,,,,,,,,,,,,,,,Y,,,,,,,,,,,,,,,y,,,,,,Y,,,,,,,,,,,
,Network Protocols,,,,,Y,y,y,,y,,,,Y,,,,,,,,,,,,,,,,y,,,,,,,,,,,,,,,,,Y,Y,,,,,y,,y,,,,,,Y,,,,,,,,,,,
,Network Security,,,,,,y,y,,Y,,,,Y,,,,Y,,,,,Y,,,,,,,y,y,,,,Y,,,,,Y,,,Y,,,,Y,Y,,,,,y,,y,,,Y,,,,,,,,,,,,,,
,Network Services Administration and Virtualisation,,,,,,,,,y,,,,,,,,,,,,,,,,,,,,y,,,,,,,,,,,,,,,,,Y,,,,,,y,,y,,,,,,y,,,,,,,,,,,
,Network Simulation,,,,,Y,y,y,,y,,,,,,,,,,,,,,,,,,,,y,y,,,,,,,,,,,,,,,,,,,,,,y,,y,,,,,,Y,,,,,,,,,,,
,Network Simulation and Traffic Management,,,,,,y,,,y,,,,,,,,,,,,,,,,,,,,y,y,,,,,,,,,,,,,,,,,,,,,,y,,y,,,,,,y,,,,,,,,,,,
,Neural Networks,,,y,,,y,,,,y,,,,,,,Y,,,,y,,,,y,,,,y,y,,,,Y,,,,,,,,,,,,,Y,,,,,,,y,,,,Y,,,,,,Y,,,,,,,
,Protocols,,,,,,,,,,,,,Y,,,,,,,,,,,,,,,,y,,,,,,,,,,,,,Y,,,,Y,Y,,,,,,,y,,,,,,Y,,,,,,,,,,,
,User Management,,,,,,,,,,,,,,,,,,,,,,,,,,,,,,,,,,,,,,,,,,,,,,,,,,,,,,y,,,,,,Y,,,,,,,,,,,
,Wireless Networks,,,,,Y,y,y,,y,,,,,,,,,,,,,,,,,,,,y,,,,,,,,,,,,,Y,,,,,Y,,,,,y,,y,,,,,,Y,,,,,,,,,,,
Programming,c#,,y,,,,,,,,,,,,,y,,,,,,,,,,,Y,,Y,,,,,Y,,,,,,,,,,,,,,,Y,,,,,,y,,Y,,,,,,,,,,,,,,,
,C++,,y,,,,,,Y,,,,,,,,,,,,,y,,,,,,,Y,y,y,,,Y,,,,,,Y,,,,,,,,,Y,,,,,,y,,Y,,,,,Y,,y,,,,,,,,
,Coding theory,,,,,,,,,,,,,,,,,,,,,,,,,,,,Y,,,,,,,,,,,,,,,,,,,,,,,,,,,,,,,,,,,,,,,,,,,
,Compilers,,,,,,,,,,,,,,,,,,,,,,,,,,,,,y,,,,,,,,,Y,,,,,,,,,,,,,,,,,,,,,,,,,,,,,,,,,
,Java,,y,,Y,,,,,,,,,,Y,,Y,,,,,,,,,,,y,,y,y,,,,,,,,Y,,,,,,,,,,Y,,,,,,,,Y,,,,,Y,,,,,,,,,,
,Java Applets,,,,,,,,,,,,,,,,,,,,,,,,,,,y,,,,,,,,,,,,,,,,,,,,,Y,,,,,,,,,,,,,,,,,,,,,,,
,natural language processing,y,,,,,,,Y,,y,,,,,,,,,,,,,,,,,y,,,y,,,,Y,,,Y,,,,,,,,,,,Y,Y,,,,,y,y,,,,,,,,,Y,,,,,,,
,Open-source / free software,,,,,,,,,,,,,,,,,,,,,,,,,,,,,,y,,,,,,,,,,,,,,,,,,Y,,,,,,y,y,Y,,,,,,,,,,,,,,,
,Programming,,,,,,,,,,y,,,,,,,,,,,,,,,,,,Y,y,y,,,,,,,Y,Y,,,y,,,,,,,Y,,,,,,y,y,Y,,,,,,,,Y,,,,,,,
,Python,y,,,,,,,,Y,,,,,,,,Y,,,,,,,,,,,,,y,,,,,,,,Y,,,y,,,,,,,Y,,,,,,y,y,Y,,,,,Y,,,Y,,,,,,,
,VB,,y,,,,,,,,,,,,,,,,,,,,,,,,,,,,,,,,,,,,,,,y,,,,,,,Y,,,,,,y,,Y,,,,,,,,,,,,,,,
,Windows Development,,y,,,,,,,,,,,,,,,,,,,,,,,,,,Y,y,y,,,,,,,,,,,,,,,,,,,,,,,,y,,,,,,,,,,,,,,,,,
Society,Impact of technology on society,y,,,Y,,y,,,,y,,,,,y,,,,,,,,,,,,,,,y,Y,,,,,Y,Y,,,,y,,y,,y,,,Y,,,y,,Y,,y,Y,,,Y,Y,,Y,,,,,,,,,
,Social Media,y,,,Y,,y,,,,y,,,,,y,y,Y,,,,,,,,,,,,,y,Y,Y,,,,Y,Y,,,,y,,,,,,,Y,,,y,,Y,y,,Y,Y,,,Y,,Y,,,,,,,,,
,Sustainability,,,,Y,,,,,,,,,,,y,,,,,,,,,,,,,,,,,,,,,,Y,,,,y,,,,y,,Y,Y,,,,,Y,,y,,,,,Y,,,,,,,,,,,
,The Digital Divide,,,,Y,,,,,,,,,,,y,,,,,,,,,,,,,,,,Y,,,,,Y,Y,,,,y,,,,,,,Y,,,,,,,,,,,,Y,,Y,,,,,,,,,
Software Engineering,Agile Development,,,,,,,,,,,y,,Y,,,,,,,,,,,,,,,Y,,,Y,,,,,,,Y,,,,,,,,,,Y,,,y,,Y,,y,Y,,,,,,,,,,,,,,,
,Data Structures,,,,,,,,,,,y,,,,,,,,,,,,,,,,,Y,,y,,,,,,,,,,,,,,,,,,Y,,,,,Y,,,Y,,,,,,,,,,,,,,,
,Formal Methods,,,,,,,,,,,,,Y,,,,,,,,,,,,,,,,,,,,,,,,,Y,Y,,,,,,,,,Y,,,,,,,,,,,,,,,,,,,,,,,
,Modelling and Simulation of Complex Systems,,,,,,,,,,,,,Y,,y,,Y,,,,,,,,,,,,,,,,,,,,,Y,Y,,,,,,,,,Y,,,,,,,,Y,,,,,,,,,,,,,,,
,Reverse Engineering,,,,,,,,,Y,,y,,,,,,,,,,,,,,,,,,y,y,,,,,,,,,,,,,,,,,,,,,,,,y,,,Y,,,,,,,,,,,,,,
,Software Engineering,,,,,,,,,,,y,,Y,,,,,,,,,,,,,,,Y,,,Y,,,,,,Y,Y,,,,,,,,,,Y,,,,,Y,y,,Y,,,Y,,,,,,,,,,,,
,Systems Development Methodologies,,,,,,,,,,,y,,Y,,,,,,,,,,,,,,,Y,,,,,,,,,,,,,,,,,y,,,Y,,,y,,Y,,y,Y,,,,,,,,,,,,,,,
Sport,American Football,,,,,,,,,,,,,,,,,,,,,,,,,,,,,,,,,,,,,,,,,,,,,,,,,,,,,,,,,,,,,,,,,,,,,,,
,Cricket,,,,,,,,,,,,,,,,,,,,,,,,,,,,,,,,,,,,,,,,,,,,,,,,,,,,,,,,,,,,,,,,,,,,,,,
,Motorsport / F1,,,,,,,,,,,,,,,,,,,,,,,,,,,,,,y,,,,,,,,,,,,,,,y,,,Y,,,,,,,,,,,,Y,,,,,,,,,,,
,Sports officiating,,,,,,,,,,,,,,,,,,,,,,,,,,,,,,,,,,,,,,,,,,,,,,,,,,,,,,,,,,,,,,,,,,,,,,,
Systems,Complex Systems,,,Y,,,,,,,,,,Y,,,,,,,,,,,,,,,,,,,,,,,,,,,,,,,,y,,,,,,,,Y,y,,Y,,,,,,,,,,,,,,,
,Concurrent systems,,,,,,y,,,,,,,Y,,,,,,,,y,,,,,,,,,,,,,,,,,,Y,,,,,,,,,Y,,,,,,,,Y,,,,,,,,,,,,,,,
,Distributed systems,,,,,,y,,,,,,,Y,,,,,,,,y,,,,,,,,,y,,,,,,,Y,,y,,,,,,,y,,Y,,,,,,y,,Y,Y,,,,,,,,,,,,,,
,Intelligent Systems,y,,Y,,,y,,,,,,,,,,y,Y,,,,,,,,,,,,,,,,,,,,,,Y,,,,,,,,Y,,Y,,,,,y,,Y,,,,,,,y,,,,,,,,
,Multi-Agent Systems,,,,,,,,,,,,,,,,,,,,,,,,,,,,,,y,,,,,,,,,Y,,,,,Y,,,Y,Y,Y,,,,Y,y,,Y,,,,,,,,,,,,,,,
,Parallel systems,,,,,,y,,,,,,,,,,,,,,,y,,,,,,,,,y,,,,,,,,,y,,,,,,,,,Y,,,,,,y,,Y,,,,,,,,,,,,,,,
,Safety Critical Systems,,,,,,,,,,,,,Y,,,,,,,,,,,,,,,,,,,,,,,,,,,,,,,,,,,,,,,y,Y,y,,,Y,,,,,,,,,,,,,,
,Scalable and Fault tolerant Systems,,,,,,y,,,,,,,Y,,,,,,,,,,,,,,,,,,,,,,,,,,,,,,,,,,,Y,,,,,Y,y,,Y,,,,,,,,,,,,,,,
Systems Analysis,Contextual Analysis,,,,,,,,,,,,,,,,,,,,,,,,,,,,,,,,Y,,,,,,,,,,,,,y,,,Y,,,,,Y,,y,,,,,,,,,,,,,,,,
,Requirements Capture / ID / Shaping,,,,,,,,,,,,,Y,,,,,,,,,,,,,,,,,,,,,,,,,,,,,,,,y,,,Y,,,,,Y,,y,,,,,,,,,,,,,,,,
,Socio-Technical Analysis in Practice,,,,,,,,,,,,,,,y,,,,,,,,,,,,,,,,,,,Y,,,,,,,,,,,y,,,,,,,,Y,,y,,,,,,,,,,,,,,,,
,Systems Analysis,,,,,,,,,,,,,,,y,,,,,,,,,,,,,,,,,,,,,,,,,,,,,,y,Y,,Y,,,y,,Y,,y,,,,,,,,,,,,,,,,
,UML,,,,,,,,,,,,,,,y,,,,,,,,,,,,,,,,,,,,,,,,Y,,,,,,,,,Y,,,,,Y,,y,,,,,,,,,,,,,,,,
Web,Advanced Web Technologies,,,,,,,,,,,,,,,,,,,,,,,,,,,,,,,,Y,,,,,Y,,,,,,,,,,,y,,,,,,,,Y,,,Y,,,,,,,,,,,,
,Web application development,,,,,,y,,,,,,,,,,,,,,,,,,,,,y,,,,,Y,Y,,,,,,,,,,,,,,,y,,,,,,y,,Y,,,,,,,,,,,,,,,
,The Internet,,,,,,,,,,y,,,,,,,,,,,,,,,,,,,,,,Y,,,,,Y,,,,,,,,,,,y,,,,,,y,,Y,,,Y,,,,,,,,,,,,
,Web Apps ,,,,,,y,,,,,,,,,,,,,,,,,,,,,,,,,,Y,Y,,,,Y,,,,,,,,,,,y,,,,,Y,y,,Y,,,Y,,,,,,,,,,,,
,Web Research,,,,,,,,,,y,,,,,,,,,,,,,,,,,,,,,Y,Y,,,,,Y,,,,,,,,,,,y,,,,,Y,y,,Y,,,,,,,,Y,,,,,,,
,Web Technologies,,,,,,,,,,,,,,,,,,,,,,,,,,,,,,,,Y,,,,,Y,,,,,,,,,,,y,,,,,Y,y,,Y,,,Y,,,,,,,,,,,,
Count,,27,6,16,40,31,58,25,20,,55,14,11,25,34,73,28,24,10,0,21,21,17,40,0,5,12,27,29,66,53,53,36,36,32,20,26,62,20,43,4,40,18,22,24,55,39,38,134,53,42,46,,66,109,66,99,21,45,28,29,11,17,20,19,,,,,,,
Any additional topics for each lecturer,,,"IS systems and tools for historical, historiographical and archaeological applications
Linguistics and language analysis tools
Most aspects of Windows development including Office extensions using VSTO and anything in C#, C++, VB or Java",Explainable AI,,,,,,,K-Pop,,Activities of Daily Living (ADL),,,"Learning health systems, behavioural change using AI",,"Quantum Computing & Quantum Error Correction, Quantum Machine Learning use in Cybersecurity and Healthcare",,,,,,,,,,,"Natural user interfaces, eye-tracking","MAlware, Vulnerability Discovery and Exploitation, Threat Inteligence, DarkNet (Tor)",,,,Project Ideas,"Audio processing, Speech processing, Audio-visual AI",,"Cyber security considerations in implementing developing technologies (like AI, IoT use in Agriculture/Healthcare, abuse of videogame technology)","Motivational systems, JS, node/express, systems for student support, systems designed for marginalised communities","Block-based languages such as Blockly & Scratch, and the design & implementtation of similar systems to support introductory programming.",,Combinatorial optimisation. Scheduling and timetabling,"I supervise MSc projects at the intersection of software development, humanistic inquiry, and decision-oriented systems, with particular interest in projects that explore how computational structures interact with meaning, interpretation, and human judgment.

My supervision areas include:

• Software projects engaging with music, the arts, literature, and the humanities, including creative, analytical, and exploratory systems that model or support interpretation, structure, or performance
• Decision-making and reasoning systems, including applications involving graph theory, decision mapping, knowledge representation, and exploratory modelling
• Philosophically informed computing research, including the design of new platforms, interaction models, or conceptual frameworks for understanding computer systems, learning technologies, and human–AI interaction

I particularly welcome projects that combine technical implementation with conceptual reflection, and that treat software not only as a tool, but as a medium for inquiry.","Cyber security issues in IoT, ,mIoT, smart home and smart agriculture technologies, Use of smart technologies such as IoT , digital twin, and ML  in predicting and diagnoses of chronic diseases such as Type2 diabetes, Cyber Security issues in biological sciences such as Next generation Sequencing (NGS)",,,"Industry 5.0 y Industry 4.0 y Organizational Change y Organizational Effectivity y Knowledge Management y Professoinal Personal AI Assistant y Wikipedia as part of Professional Practice y Information Warfare y Society 6.0
Little Data vs Big Data
IS and Cyber-Security & SME’s
Cyber-Security Perspectives on Little Data vs Big Data
Cyber-Security Perspectives on Industry 4.0
Implications of SSD for Forensic Investigators
Software Robotic Automation y Physical Security",,"New Topics in Machine Learning(Federated Learning, Differential privacy) applications in malware detection and Intrusion detection systems",,Health and wellbeing technologies.  Smart environments.  Applied AI.,,,,"1- First Aid Response Assistance Framework for Naive person.
2- Improving Single Sign On by eradicating underlying Vulnerabilities.
3- Ensuring Effective Corporate Privacy in case of mobile device connectivities.",,,,,,Applications that improve workflow for SMEs,,,"1. Authentication Protocols

2. Social Engineering & Cyber Deception (Ethical Boundaries).

3. GenAI application in education, empowerment, policy generation...

4. Human Cyber Psychology

5. Cyber Education",,1. Anomaly Detection 2. Explainable AI,,,,,,,
,,,,,,,,,,,,,,,,,,,,,,,,,,,,,,,,,,,,,,,,,,,,,,,,,,,,,,,,,,,,,,,,,,,,,,,,
,,,,,,,,,,,,,,,,,,,,,,,,,,,,,,,,,,,,,,,,,,,,,,,,,,,,,,,,,,,,,,,,,,,,,,,,
,,,,,,,,,,,,,,,,,,,,,,,,,,,,,,,,,,,,,,,,,,,,,,,,,,,,,,,,,,,,,,,,,,,,,,,,
,,,,,,,,,,,,,,,,,,,,,,,,,,,,,,,,,,,,,,,,,,,,,,,,,,,,,,,,,,,,,,,,,,,,,,,,
,,,,,,,,,,,,,,,,,,,,,,,,,,,,,,,,,,,,,,,,,,,,,,,,,,,,,,,,,,,,,,,,,,,,,,,,
