Supervisor,Project Type,Project Subject Area,Project Title,Project Description,
Alexander Gegov,Research,AI,Explainable AI ,Artificial Intelligence for Environmental Modelling,
Alexander Gegov,Research,AI,Explainable AI ,Artificial Intelligence for Financial Forecasting,
Alexander Gegov,Research,AI,Explainable AI ,Artificial Intelligence for Medical Diagnosis,
Alexander Gegov,Research,AI,Explainable AI ,Artificial Intelligence for Public Security,
Alice Good,Research/Study,Cyber Forensics,The role of social media platforms in perpetuating Online gender abuse,,
,Research/Study,Cyber Forensics,Exploitation of female refugees in the digital world: Targeting female Ukrainian refugees seeking a sponsor online via the Homes for Ukraine Scheme,,
Alice Good,Research/Study,Warfare/Cyber,How has drone technology shaped modern warfare ,,
ALice Good,Research/Study,Cyber Forensics,Detecting online bullying and grooming in social media,,
Alice Good,Research/Study,Cyber Forensics,"To investigate how cybercriminals exploit psychological principles like authority, urgency, and reciprocity to deceive victims.",,
Alice Good,Research/Study,Cyber Forensics,Investigation into how digital/mobile devices allows domestic violence perpetrators to control their victims,,
Alice Good,Research/Study,Cyber Forensics,Cyber Misogyny: An exploratory study of online harassment and its impact on Women's Health,,
Asim Ali,Research,Network/Edge Computing,,Resource aware allocation of tasks/applications in an edge network,
Asim Ali,Research,Networks/Machine Learning,,Developing ML models to predict the performence of a network/cloud application,
Asim Ali,Research,Networks/Security,,Modelling and simulation of attacks in a computer networks,
Athanasios Paraskelidis,Research,Sustainable Computing,Building energy efficient software - a proof of concept,creating energy efficient applications (mobile/desktop). Is there a framework from a software engineering perspective that can make coding more energy efficient?,
Athanasios Paraskelidis,Research,AI/Cyber Security,Evaluation of existing software for detecting AI generated multimedia files,How reliable and accurate are existing publicly available solutions in identifying AI generated files? What are the current challenges and developments?,
Athanasios Paraskelidis,Engineering / Research,Sustainable Cities/Buildings,,Building performance monitoring and evaluation through the collection and analysis of collected data (Engineering/Research),
Athanasios Paraskelidis,Engineering / Research,AI/Cyber Security,"Deepfakes: The impacts, ethical challenges and countermeasures","Identify the impact of deepfakes from a economical, social, political perspective. What applications are used and what tools are in place to prevent and detect them.",
Athanasios Paraskelidis,Engineering / Research,AI/Cyber Security,Email spoofing: Weaknesses and how to encounter them,"Identify how is it nowadays to create spoofing emails, used to threaten or blackmail people for financial gains. What are the weaknesses, what tools are used by email providers and how we could use technologies such as AI to prevent them.",
Bander Al-rimy,Engineering / Research,AI/Cyber Security,Runtime Detection of Data Leakage in Large Language Models,"This project focuses on designing a lightweight runtime monitoring mechanism that detects potential data leakage during LLM interactions. Students will analyse prompts and outputs to identify signs of sensitive data exposure (e.g., PII, confidential strings, training data memorisation). The system can use rule-based checks, entropy analysis, or simple ML classifiers to flag risky responses in real time. Evaluation can be performed using synthetic sensitive prompts and open-source LLMs.",
Bander Al-rimy,Engineering / Research,AI/Cyber Security,Detecting Adversarial Prompt Attacks Using Prompt Pattern Analysis,"This project investigates common adversarial prompt techniques such as prompt injection, jailbreaking, and role manipulation. Students will build a detection model that analyses prompt structure, intent shifts, and linguistic patterns to classify prompts as benign or adversarial. The system may combine heuristics (e.g., instruction override signals) with supervised learning using curated adversarial prompt datasets.",
Bander Al-rimy,Engineering / Research,AI/Cyber Security,Security Risk Assessment of Agentic AI Systems,"This project examines the security risks introduced by autonomous, tool-using AI agents (e.g., task agents with memory, API access, or file execution). Students will model threat scenarios such as excessive autonomy, unintended actions, or privilege escalation. The outcome can be a risk assessment framework or a proof-of-concept sandbox that enforces constraints like action whitelisting, permission checks, and execution boundaries.
",
Bander Al-rimy,Engineering / Research,Cyber Security,Browser-Based Phishing Detection Extension,"Creating an AI-powered browser extension that detects phishing websites by analyzing URL patterns, page content, and comparing with a database of known phishing sites. The system can alert users when they are about to enter a phishing site. Key components/services: Real-time detection, warning notifications, and a simple dashboard for users to report phishing sites.",
Bander Al-rimy,Research,Cyber Security,"Designing a Penetration Testing Methodology for Secure Code Review in 
DevOps Pipelines","Develop a methodology for integrating penetration testing into DevOps pipelines, focusing on secure code review. The project will involve creating guidelines for automated security scans, manual code reviews, and testing application security throughout the CI/CD process to identify vulnerabilities early in the development cycle",
Bander Al-rimy,Research,Cyber Security,"Evaluating Adversarial Machine Learning Attacks on Network-Based 
Intrusion Detection Systems","Conduct a study to evaluate the impact of adversarial machine learning attacks, such as evasion and poisoning, on network-based intrusion detection systems (NIDS). Propose and test defensive strategies to enhance NIDS robustness against such adversarial techniques.",
Bander Al-rimy,Engineering / Research,Cyber Security,"Development of Ransomware Pre-encryption Detection and Recovery 
Tool for Android Systems","Design and develop a tool that detects ransomware activities on Android OS by monitoring memory and file system behaviors 
and provides automated recovery solutions through memory forensics methods.",
Bander Al-rimy,Engineering / Research,Cyber Security,Memory-Based Metamorphic Malware Forensics,"Memory-Based Metamorphic Malware Forensics is a final-year project that investigates techniques for detecting and analyzing advanced malware that continually changes its structure and primarily resides in system memory. The project focuses on memory forensics and behavioral analysis to identify malicious activity that bypasses traditional static and signature-based detection methods. It aims to extract forensic artifacts from volatile memory to support malware detection, understanding, and attribution.",
Bander Al-rimy,Engineering / Research,Cyber Security,"Real-time Intrusion Detection System Using SIEM Integration and 
Threat Intelligence Feeds",Create a real-time intrusion detection system (IDS) that integrates with Security Information and Event Management (SIEM) systems and utilizes threat intelligence feeds to enhance detection capabilities against emerging threats in network environments.,
Bander Al-rimy,Engineering / Research,Cyber Security,"Implementation of Blockchain for Secure Chain-of-Custody in Digital 
Forensic Investigations","Investigate the application of blockchain technology to ensure the secure chain-of-custody of digital evidence in forensic investigations. The project will involve developing a prototype blockchain system to log forensic data transactions, making them tamper-proof and auditable.",
Carrie Toptan,Engineering,Health,,Apps to help people with Autism ,
Carrie Toptan,Study,Health,,How can we use technology to help people with Autism ,
Carrie Toptan,Study,Security,,Security of the internet for vulnerable groups ,
Carrie Toptan,Engineering / Research,Computational phychology,,Anything related to computational neuroscience and/or computational psychology ,
Carrie Toptan ,Engineering,,,"Anything related to K-Pop like it could be analysis of dance moves, mental health etc ",
Dalin Zhou,Research,Human-Computer Interaction,,Hand computer interaction through sEMG based upper-limb muscle activity analysis,
Dalin Zhou,Research,Human-Computer Interaction,,Hand computer interaction through computer vision based gaze estimation,
Dalin Zhou,Research,Human-Computer Interaction,,Hand computer interaction through acoustic speech recognition,
David Williams,,Formal Modelling,Formal Behaviour Driven Development,,
David Williams,,Security,Scalable Federated Identity Management (Single Sign-On),"Have you ever used your google account to sign into an app not developed by google? Federated Identity Management enables users registered with the Identity Provider within one domain to access services at a partner domain, without requiring them to also register with the identity provider in the second domain. Replacing bilateral agreements between identifiers with a network thereof provides scope to enable a large, scalable, decentralised network of users and services. This project aims to resolve the challenge of routing authentication requests and responses around such a decentralised network of identity providers.",
David Williams,,Security,Secure Distributed Hash Tables,"What's your favourite peer-to-peer network? Distributed Hash Tables (DHT) are decentralised and distributed means of providing a lookup service that underlie peer-to-peer networking. However, DHT-based systems are prone to security attacks, e.g., Sybil and Eclipse attacks. Existing surveys of the security issues and proposed solutions do not cover the full range of DHT algorithms nor vulnerabilities. This project shall aim to contribute to the existing literature by identifying and addressing gaps in the security analysis of DHTs",
David Williams,Engineering,Simulation and Visualisation,Interactive Simulation and Visualisations,"Do you want to join a revolution in software engineering enabling users to experience the final system before a single line of code of its implementation has been written? This project shall provide a realistic visualisation front-end to enable end users to interact with a mathematical model of a software architecture/design as if it were the final implementation. To create an interactive visualisation of the Event-B models, you will be using BMotionWeb, a tool built on top of the ProB Java API, although no prior knowledge of these technologies is necessary for the project to be a success.",
Dongxu Gao,Engineering / Research,Deep Learning,Deep learning for medical imaging,"Deep learning (DL) has transformed image recognition and analysis by enabling unprecedented performance improvements in computer vision tasks in recent years. These rapid advancements enabled the development of automated, accurate, accessible, and cost-effective image recognition AI for medical diagnostics. ",
Elisavet Andrikopoulou,Study,Data visualisation,3D printing,Use 3D printing to design and build physical models for data visualisation.,
Elisavet Andrikopoulou,Engineering,Internet of Things,Alexa or Google home game.,Convert an old fashion text video game (e.g. Dunnet) into an Alexa or Google home game.,
Elisavet Andrikopoulou,Engineering,Programming,Mobile app for health,Build a mobile application for heart failure based on specific requirements already provided for you. ,
Elisavet Andrikopoulou,Engineering / Research,Programming / Ethics / ML,LLM,Build an AI reviewer and compare AI reviews vs human reviews on academic papers. Using real dataset and real client.,
Elisavet Andrikopoulou,Engineering,Programming / ML,LLM,LLM to work as editor for conferences to put papers in defacto format. Using real dataset and real client.,
Elisavet Andrikopoulou,Engineering / Research,Health informatics / ML,Use ML methods to explore wound size measurement,The student needs to source a dataset with images of wounds ideally from diabetes foot ulcers. Then explore at least 3 available algorithms related to wound size measurement and tune the hyperparameters to achieve the best accuracy. ,
Elisavet Andrikopoulou,Research/Study,Health informatics ,"Evaluation of mHealth Applications for heart failure, diabetes or other long term conditions","The student is called to evaluate using mixed methods the acceptability and usability of the mHealth applications. Potential methods may include (heuristics, SUS, TAM) potential outcomes could be a dashboard or framework.",
Elisavet Andrikopoulou,Research/Study,Health informatics ,Evaluation of AI-Powered mHealth Applications,"AI healthcare mobile applications are gaining popularity. The student is called to evaluate the usability of the AI powered mHealth applications. Potential methods may include (heuristics, SUS, ISO 9241-11) potential outcomes could be a dashboard or framework.",
Elisavet Andrikopoulou,Study,Health informatics ,Literature review,Conduct a structured literature review on existing methods for quantifying diabetic foot wound size and volume using video/photography,
Elisavet Andrikopoulou,Engineering / Research,Health informatics/ Cybersecurity,Fake news detection,Fake news detection in TikTok videos or evaluating methods of AI missinformation,
Elisavet Andrikopoulou,Engineering / Research,Health informatics ,Video Analysis ,"Source Video dataset, Use AI to analyse those based on a certain set of requirements for breathing.",
Elisavet Andrikopoulou,Study,Health informatics ,Literature review,Conduct a structured literature review on identifying AI models to perfom video analysis for breathing,
Elisavet Andrikopoulou,Engineering / Research,Synthetic data and business ,Synthetic data generation research ,"Synthetic data generation methods for business purposes including health. We currently generate synthetic datasets instead of synthetic data for use cases. The student need to use workflows, AI and logic to mitigate the noise, tailor this and generate less breadth and more in depth data. ",
Elisavet Andrikopoulou,Engineering / Research,Health informatics/ Cybersecurity,Evaluating 6G networks in telemedicine Scenarios,"You will use network simulation to assess how a 6G-based telemedicine system performs under varying loads, latencies, and mobility conditions. The goal is to measure end-to-end delay, reliability, and throughput when transmitting medical data such as video, sensor streams, and control signals between patients, edge nodes, and hospitals. You will compare baseline and adaptive network configurations to determine how effectively 6G features such as network slicing and edge computing, can sustain the low-latency, high-reliability requirements of remote healthcare applications.",
Elisavet Andrikopoulou,Engineering / Research,Health informatics/ Cybersecurity,Federated learning in electronic health record data,"Build a model that trains across multiple “virtual NHS hospitals” without sharing raw data, using federated learning to combine model updates.",
Elisavet Andrikopoulou,Engineering / Research,Health informatics/ Cybersecurity,Federated learning with FHIR,"Create a lightweight end-to-end pipeline that simulates 3-4 hospitals: ETL synthetic/opensource EHR into FHIR tables, harmonise features, then run FL with secure aggregation and optional differential privacy.",
Ella Haig,Engineering / Research,Applied AI/ML,Document verification and summaries for eligibility verification,"Project client: Citizens Advice, a charity that supports people facing real challenges, such as rising energy costs, debt, and housing issues. Through this project, you’ll work with mock documents simulating real data, gain practical experience, and make a meaningful impact on people’s lives.
Citizens Advice advisers manually review client submitted documents—such as bank statements or energy bills—to verify identity or eligibility for support, which is time consuming. This project aims to use AI to summarise documents, extract key details (e.g., name, address, account number), and flag inconsistencies for further review. It will likely involve OCR, Natural Language Processing, and Large Language Models, with a strong focus on securely handling sensitive data.",
Ella Haig,Engineering / Research,Applied AI/ML,Predicting debt problems for different demographic groups,"Project client: Citizens Advice, a charity that supports people facing real challenges, such as rising energy costs, debt, and housing issues. Through this project, you’ll work with real data, gain practical experience, and make a meaningful impact on people’s lives.
This project will examine whether demographic and household factors, such as age, income, household type, and housing tenure, can predict who is most likely to face future debt problems. Using anonymised client?level or aggregated data, you will build and evaluate predictive models to identify at?risk groups. The goal is to generate insights that support earlier, more targeted interventions, helping Citizens Advice allocate resources effectively and prevent debt issues from escalating.",
Ella Haig,Engineering / Research,Applied AI/ML,Identifying distinct client groups and their needs,"Project client: Citizens Advice, a charity that supports people facing real challenges, such as rising energy costs, debt, and housing issues. Through this project, you’ll work with real data, gain practical experience, and make a meaningful impact on people’s lives.
This project will use cluster analysis to identify groups of clients who share similar characteristics, circumstances, or advice?seeking behaviours. By analysing demographic profiles, presenting issues, service?use patterns, and outcomes, you will uncover distinct client segments and describe their needs, barriers, and support preferences. The goal is to develop a segmentation framework that helps tailor interventions, improve client journeys, allocate resources more effectively, and design outreach that better meets the needs of different groups.",
Ella Haig,Engineering / Research,Applied AI/ML,Impact of weather conditions on service demand,"Project client: Citizens Advice, a charity that supports people facing real challenges, such as rising energy costs, debt, and housing issues. Through this project, you’ll work with real data, gain practical experience, and make a meaningful impact on people’s lives.
This project will examine how weather conditions, such as temperature, heavy rainfall, cold snaps, or heatwaves, affect demand for Citizens Advice services. By linking historical service?use data with weather trends, you will identify patterns, model demand changes, and highlight which advice areas are most affected. The goal is to help Citizens Advice anticipate demand and plan resources more effectively during weather?related surges.",
Eslam Amer,Engineering,AI/NLP,Semantic Video Undestanding Through Text,"The objective is to use of Semantic Video Understanding through Text Video in different applications including:
Captioning: Automatically generating captions for videos to make content accessible to people with disabilities or for use in media indexing.
Video Summarization: Creating text summaries for quick consumption of video content (Generating movie trailers)
Semantic Video Retrieval: Using textual descriptions to search and retrieve specific video segments from large datasets.
Content Moderation: Automatically generating descriptions of video content for detecting inappropriate or harmful content.",
Eslam Amer,Engineering / Research,,Explainable Malware Analysis,"Analyze malware behaviour, Malware family classification based on behavioral explanation",
Fahad Ahmad,Engineering / Research,Quantum Machine Learning,Quantum Fuzzy Machine Learning for Cybersecurity Threat Detection,This project investigates the integration of fuzzy logic with hybrid quantum-classical machine learning for cybersecurity threat detection. The proposed framework will combine fuzzy inference systems with variational quantum circuits to improve uncertainty handling and adaptive anomaly detection in dynamic cyber environments.,
Fahad Ahmad,Engineering / Research,Quantum Machine Learning,Quantum Federated Learning for Secure Healthcare Systems,This project explores hybrid Quantum Federated Learning approaches for privacy-preserving healthcare analytics. The framework will integrate federated learning with quantum-enhanced optimisation and classification techniques to enable secure distributed learning across healthcare institutions without sharing sensitive patient data.,
Fahad Ahmad,Engineering / Research,Quantum Machine Learning,Quantum Reinforcement Learning for Financial Fraud Detection,This project investigates the use of Quantum Reinforcement Learning (QRL) for adaptive fraud detection in financial systems. The study will explore how quantum-enhanced decision-making and sequential learning can improve the detection of evolving fraudulent transaction patterns in real time.,
Fahad Ahmad,Engineering / Research,Quantum Machine Learning,Explainable Quantum Machine Learning for Intelligent IoT Security,"This project focuses on developing Explainable Quantum Machine Learning (XQML) models for IoT security applications. It aims to integrate explainable AI techniques with hybrid quantum-classical learning models to improve transparency, interpretability, and trust in cyber-attack detection systems.",
Fahad Ahmad,Engineering / Research,Quantum Machine Learning,Quantum Swarm Intelligence for Smart City Optimisation,"This project explores the combination of quantum-inspired swarm intelligence techniques with quantum machine learning for smart city optimisation problems such as traffic management, energy allocation, and urban resource planning. The study will investigate adaptive optimisation strategies for complex large-scale environments.",
Farzad Arabikhan,Engineering / Research,,,Tuning fuzzy networks using neural networks,
Farzad Arabikhan,Engineering / Research,,,Understanding how google map works for shortest path,
Hamidreza Khaleghzadeh,Engineering,Parallel computing,,High performance and parallel computing/programming related projects,
Hamidreza Khaleghzadeh,Engineering,Machine Learning,Study energy effectiveness of Machine Learning algorithms,Study and predict energy consumption behaviour of ML algrotihms ,
Hamidreza Khaleghzadeh,Engineering,"Data Mining, Machine Learning",Analysing TOP500 and Green500 data to understand the future of cloud computing and Deep Learning,We will use datasets related to clusters and supercomputers characteristics to analyse their growth over time and predict future trends.,
Hasheem Danbatta,Engineering / Research,Security,,Malware Traffic Analysis and Evaluation,
Hasheem Danbatta,Engineering / Research,Networks,,Network Intrusion Detection System,
Honghai Liu,Study,Health,Investigation of diagnosis and intervetion methods and technology for brain diseases,"Investigation of diagnosis and intervetion methods and technology for brain diseases (the brain diseases can be replaced by one or more diseas such as autism, stroke, parkinson's, Alzheimer, etc.)",
Honghai Liu,Engineering / Research,Human computer interaction,Vision based motion tracking and recognition for human body,"to conduct vision based motion tracking and recognition for human body such as hand, gaze, body behaviour and/or facical expression, you could select one or mutiple human bodies for the task.",
Honghai Liu,Engineering / Research,Human machine systems,Robot control for hand-eye coordination,To design tobot control to implement hand-eye coordination in object manipulation scenarios.,
Honghai Liu,Engineering / Research,Human machine systems,Modeling of hand-eye coordination,To construct a model to describe the hand-eye coordination,
Gelayol Golcarenarenji (Grace),Engineering / Research,Computer vision /Gen AI,,"Disaster managment /response, motion detection/behaviour analysis/search and rescue mission",
Janka Chlebikova,Engineering,Mobile Apps,`semi-automatic' travel diary,"To develop a GPS-based mobile application to create `semi-automatic' travel diary where the user can easily track the information about the visited places, dates & times, weather, distances, places to stayed over nights,..",
Janka Chlebikova,Engineering,Mobile Apps,Treasure Hunt,To develop a mobile application for an advance version of Treasure Hunt that is taken by the 1st year SOC students during the induction week,
Janka Chlebikova,Engineering / Research,Graph Theory,graph or number theory,"There are many open problems from graph or number theory where computers may help to find a counterexample or solve a problem partially, e.g. http://www.openproblemgarden.org/, http://dimacs.rutgers.edu/~hochberg/undopen/graphtheory/graphtheory.html&gt;. In the project we'll design and develop some computer-based methods which may contribute to a final solution of one of these problems.",
Janka Chlebikova,Engineering,Mobile Apps and Maths,basic maths skills,To develop a mobile (logical) game which enables to practise with specific basic maths skills.,
Jiacheng Tan,Engineering,Computer Vision and Visualisation,Applications of computer vision systems,"Develop a vision application that monitors the dangerous situations such as falling over, collapes and so on, of aged people in a home. The project requires good progrmming skill and an interest and a knowledge in computer visiont and the willness to learn to use vision. packages such as OpenCV (for C, Java or Python)",
Jiacheng Tan,Engineering,Computer Vision and Visualisation,Web-based Interactive Data Visualisation,"Interactive visualisation for mining of customer profiles, product associations, sale data, or other data. The required sKills include: computer graphics, programming, Web authoring and the willingness to learn basics of data mining.",
Jiacheng Tan,Engineering,"Computer Vision and Visualisation, Web App",Applications of VR or 3D Web Technology.,"A web-based aplication based on 3D graphics technology (WebGL) for vitual tours, product adverstisement or commerce. Required skills include, knowledge of WebGl API, programming skill in JavaScript, web authoring",
Jiacheng Tan,Engineering,Robotics,Wireless Control of Mobile Robot for Domestic Applications,Customise and control a mobile robot that can perform simple domestic tasks such as moving a object around or as a mobile platform for compute vision devices that monitor the activites in a home. The project requires programming skills in Python (raspberry Pi) or in C(Arduno) and an interest in hardware and WiFi.,
John Cox,Research,HCI,NUI Interface,"Investigate multi-modal Natural User Interfaces (NUI). Investigate the opportunities and implications of combining NUI input methods. For example, develop a voice-based command system with object of intent given by eye-tracker. The idea would be that the voice-based commands could be made simpler by using eye-tracking to give the object for the command. Voice and eye-tracker input could be implemented or simulated.",
John Cox,Engineering / Research,HCI,NUI Interface,Most application of Natural User Interfaces (NUI) have tried to simulate point-and-click. Develop an desktop interface that that is designed for the NUI method rather than simulating mouse input. An example would be context aware adaptation based upon voice or gaze input e.g. the interface would adapt to the current focus point or voice command. The voice and gaze input could either be implemented or simulated.,
Julian Murphy,Engineering / Research,Cyber Security,,Vulnerability Discovery and Exploitation (Penetration Testing),
Julian Murphy,Engineering / Research,Cyber Security,,Malware Based Topics -  Detection / Prevention,
Julian Murphy,Engineering / Research,Cyber Security / ML,,Machine Learning based Steganography ,
Julian Murphy,Engineering / Research,Cyber Security / ML,,Windows Firewall Using Machine Learning,
Julian Murphy,Engineering / Research,Cyber Security,,Endpoint Prevention System via Windows API,
Julian Murphy,Engineering / Research,Cyber Security,,Darknet Crawler and Analysis System,
Julian Murphy,Engineering / Research,Cyber Security,,Wireguard VPN Acceleration ,
Julian Murphy,Engineering / Research,Cyber Security,,Malware Dection Using Opcode Analysis,
Julian Murphy,Engineering / Research,Cyber Security,,Phishing Detection Browser Extension,
Julian Murphy,Engineering / Research,Cyber Security,,Password Cracking Techniques,
Katerina Kanta,Engineering / Research,Cyber Security,,Deepfake image analysis,
Katerina Kanta,Engineering / Research,Cyber Security,,Misinformation Detection,
Katerina Kanta,Engineering / Research,Cyber Security,,Fake news propagation in social media networks,
Katerina Kanta,Engineering / Research,Digital Forensics,,Pattern-of-life analysis,
Katerina Kanta,Engineering / Research,Digital Forensics,,"Adversarial AI for anti-forensics, fooling DF tools with AI",
Katerina Kanta,Engineering / Research,Digital Forensics,,Forensic analysis of apps,
Katerina Kanta,Engineering,Cyber Security,,IDS for 6g networks,
Katerina Kanta,Engineering / Research,Cyber Security,,NLP techniques & LLMs for password cracking,
Katerina Kanta,Research,Cyber Security,,Federated learning for digital forensics,
Katerina Kanta,Research,Digital Forensics,,Clock drift of online servers,
Katerina Kanta,Research,Cyber Security,,Security and privacy topics in 5g/6g networks,
Katerina Kanta,Research,Cyber Security,,Semantic Drift as a Threat Vector,
Katerina Kanta,Research,Cyber Security,,Human factors in cybersecurity/digital forensics,
Katerina Kanta,Engineering / Research,Cyber Security & Health,Federated learning in electronic health record data,"Build a model that trains across multiple “virtual NHS hospitals” without sharing raw data, using federated learning to combine model updates.",
Katerina Kanta,Engineering / Research,Cyber Security & Health,Federated learning with FHIR,"Create a lightweight end-to-end pipeline that simulates 3-4 hospitals: ETL synthetic/opensource EHR into FHIR tables, harmonise features, then run FL with secure aggregation and optional differential privacy.",
Katerina Kanta,Engineering / Research,Cyber Security & Health,Evaluating 6G networks in telemedicine Scenarios,"You will use network simulation to assess how a 6G-based telemedicine system performs under varying loads, latencies, and mobility conditions. The goal is to measure end-to-end delay, reliability, and throughput when transmitting medical data such as video, sensor streams, and control signals between patients, edge nodes, and hospitals. You will compare baseline and adaptive network configurations to determine how effectively 6G features such as network slicing and edge computing, can sustain the low-latency, high-reliability requirements of remote healthcare applications.",
Kirsten Smith,Research,Human-Computer Interaction,What is web credibility in the age of AI?,"In this research project, you will compile the research on web credibility and trust, and identify the key components of web design that influence credibility. You will then create several versions of a mock website, varying the design based on the degree to which AI has been used to support the design - this may include elements such as AI-generated images and text. You will then conduct a mixed methos study using the designs and statistically analyse how AI-use visibility impacts whether a user trusts the design.",
Kirsten Smith,Engineering / Research,Health/Human-Computer Interaction,Exploring motivation and dis-engagement with healthy living applications. ,"In this project you will investigate why health behaviour change interventions fail and design a solution (a fragment of an application - this could be a notification schedule, persuasive messages, or gamification elements) that could be added to an application to maintain engagement. You will then experimentally compare 2 designs to evaluate which is more likely to increase motivation.",
Kirsten Smith,Research/Study,Education/Health ,Embracing the Slab of Distraction in the classroom - how can we use mobiles in the classroom productively?,"Mobile phones are considered by schools to be a nuisance and distraction to learning. In this project, you will flip this idea on its head and consider how they could be used productively as split-screening learning aids during class. You will research academic literature on learning and novel approaches to using digital devices in learning spaces, and propose a set of guidelines on design of apps that prevent distraction that could be used in a classroom setting. You will prototype an example of an app that meets these guidelines and qualitatively evaluate it. ",
Kirsten Smith,Engineering,Human-Computer Interaction,An application to support blended environment tabletop gaming.,"There are applications that support online gameplay of tabletop games, and others that support groups of people in a room together - but few support blended gameplay. Develop an application that will support people to play tabletop RPGs (such as D&D) with paper and pencil and real dice with friends remotely.",
Kirsten Smith,Engineering / Research,Human-Computer Interaction,User-centred design of applications that address breaking procrastination cycles,"Research, develop and evaluate a short training app that helps people understand why they procrastinate and break their procrastination cycles through understanding the cognitive mechanisms behind it.",
Kirsten Smith,Research/Study,Human-Computer Interaction,Perfection or Authenticity - how has AI impacted our perspective on good design?,"Professionalism has long been held as a marker for good UX and trust: however, AI is now able to create highly professional digital content. What is the difference between human-made design and AI-gen design in web apps/computer games and how does that impact our appraisal of them? In this project you will compare AI-gen and human-made designs in a field (this could be digital art, games, or web apps) and conduct research with humans - collect qualitative data on their thoughts on these designs, and quantitative evaluations on them.",
Kirsten Smith,Research/Study,Education/Health ,How do AI tools impact learner wellbeing?,"LLM use has rapidly expanded into universities. But what impact has it had on how students feel about their education? And how can we support/mitigate the impact that is has on our wellbeing? Conduct qualitative research into LLM use and weelbeing in students, and propose a solution e.g. training or adjustments to LLMs to mitigate any negative effects.",
Kirsten Smith,Engineering / Research,Web Development,AI v Dev - Comparing a LLM-generated web app with a traditionally built app,"The aim of this case study-based engineering/research project is to pick a web app, and build it twice - once using AI, and once without AI. You will then compare the applications in terms of metrics such as usability, build time, speed, maintainability, scalability, and evaluate which approach is best with consideration to these metrics.",
Linda Yang,Engineering,Machine Learning,Machine learning based recommendation system,Machine learning based recommendation system (engineering),
Linda Yang,Engineering / Research,AI,Fake News Detection on Social Media Using Hybrid ML–LLM Approaches,"This project explores automated detection of fake or misleading information on social media by combining traditional machine learning approaches with large language models (LLMs). Students will compare classical text-based classifiers with LLM-based zero-shot or few-shot methods, analysing performance, robustness, and explainability. ",
Linda Yang,Engineering / Research,AI,Automatic Summarisation of Social Media Discussions,"This project aims to develop systems that automatically summarise large volumes of social media comments or discussions into concise and meaningful summaries. Students will experiment with extractive and abstractive summarisation techniques, including LLM-based approaches, and evaluate summary quality using both automatic metrics and qualitative analysis.",
Linda Yang,Engineering / Research,AI,Predicting User Engagement on Social Media Using ML Models,"This project investigates how machine learning models can be used to predict user engagement on social media platforms, such as likes, shares, and comments. Students will explore feature engineering techniques using content, temporal and user-level attributes, and compare the performance of different supervised learning models. The project focuses on data-driven modelling and evaluation of predictive performance.",
Linda Yang,Engineering / Research,AI,Using LLMs for Content Moderation in Social Media,"This project examines the use of large language models for automated content moderation tasks, such as detecting hate speech, abusive language, or policy-violating content. Students will design and evaluate moderation pipelines using prompt-based LLMs and compare them with traditional classification models. ",
Linda Yang,Engineering / Research,AI,Anomaly Detection in Social Networks,"This project focuses on identifying abnormal or suspicious behaviour in social networks, such as bot activity, spam campaigns or unusual interaction patterns. Using unsupervised or semi-supervised machine learning methods, students will analyse user behaviour and network features to detect anomalies.",
Mani Ghahremani,Engineering / Research,,List of project ideas,Project Ideas,
Marjan Golmaryami,Engineering / Research,Machine audio-vision and AI,Sustainalbe AI,"Sustainable audio-visual AI in IoT devices, wearable gadets, or in healthcare",
Marjan Golmaryami,Engineering / Research,Internet of things,Speech processing ,Human speech processing in environmental hazard detection,
Marjan Golmaryami,Research/Study,Health and AI,Audio-visual AI,The impact of audio-visual AI on early-stage disease diagnosis,
Marjan Golmaryami,Research,Cybersecurity,Audio processing,Security and privacy in audio data processing,
Martin Sparrius,Study,Cybersecurity,,"The human aspects of an organisation can be both the strongest and weakest element, largely depending on how you handle your staff and get them involved in your organisation. This study would look at how a particular organisation makes use of it's personnel as a security resources (training, motivation, education)",
Martin Sparrius,Research/Study,Digital Gaming,,"Digital games are massively popular, but generally not considered a serious security concern. You would examine how video games are abused by cybercriminals. This could be anything from using hacked games to install malware, the creation of games to distribute illegal content, how mods are made/used within games to scams conducted through gaming communication channels.",
Martin Sparrius,Research/Study,AI and Cyber Security,,"While substantial research is being conducted into the technical use of AI within cybersecurity, less is being down with reviewing how AI is being incorperated in a more general sense into organisations. You could explore the security implications of employees uploading content to GenAI models, the reliabilty of cyber security advice provided by AI, how AI can be used in social-engineering attacks or anything else that examines the security issues of GenAI usage.",
Matthew Poole,,Education,Block-based programming,"Block-based programming languages such as Scratch (scratch.mit.edu) have made it easier for children to learn the basics of programming. For example, syntax errors are avoided because code blocks can only be joined together when syntactically legal. We have designed and prototyped PyBlocks - a blocks-based environment for programming directly in Python. PyBlocks aims to provide some of the advantages of systems like Scratch to school and university students learning programming in Python. The aim of this project is to develop an extension to the current PyBlocks, or a variation for a different language. This project would require strong JavaScript skills.",
Matthew Poole,,Education,Block-based programming in Haskell,"The aim of this project is to implement the design ideas presented in the paper ""A Block Design for Introductory Functional Programming in Haskell"" (Poole, 2019) that provide the basis for a block-based environment for novice programmers to learn functional programming in Haskell. This project would require strong JavaScript skills",
Matthew Poole,,Education,Eye-tracking and data collection from novice programmers,"Do you know your gherkin from your cucumber? This project aims to unite Formal Modelling with Behaviour Driven Development. Business stakeholders write acceptance tests in collaboration with the development team to capture the desired behaviour of the system. These can be understood at both a technical and non-technical level, thus act as both system requirements and acceptance criteria. When formal modelling is also required within a rigorous software engineering development process and alongside this there is a desire to use behaviour driven development then there may be duplication of effort or conflicts between the approaches. This project shall identify and demonstrate circumstances in which the two approaches can be united; you will be writing gherkin specifications and Event-B models.",
Matthew Poole,,,,Using/adapting Google Blockly to edit programs directly in a real programming language.,
Mohamed Bader,,Data Mining/Big Data,,Build and design a data Warehouse for the University of Portsmouth,
Mohamed Bader,,Data Mining/Big Data,,Data Mining for predicting mortality in intensive care units ICU,
Mohamed Bader,,Data Mining/Big Data,,Optimization of Big Data,
Mohamed Bader,,Data Mining/Big Data,,Optimization of Big Data based on the CEC 2015 competition http://www.husseinabbass.net/BigOpt.html,
Mohamed Bader,,,,Machine Learning in ICU and health care .... MSc ICU,
Peter Bednar,Research/Study,,Cybersecurity for SMEs,"Guidelines, Recommendation and Cybersecurity Information available to SMEs (Small/Medium Enterprises) is confusing at best. What do they need to help them navigate their Cyber Security needs with confidence and know when to call in an expert?",
Peter Bednar,Research/Study,,GenAI issues for professional use,"Hype, marketing, bias and ignorance regarding the promotion of GenAI solutions are often unbounded in a way that makes the application and use counterproductive and at times even sabotage the intended outcome. What are the main issues and misunderstandings regarding GenAI use and promotion of use? What are the setbacks and undesireable outcomes of naive use and implementation of GenAI technologies in practice?",
Rahim Taheri,Engineering / Research,Machine Learning / Cybersecurity,,Creating a secure sandbox for malware analysis (Android / Windows),
Rahim Taheri,Research,Machine Learning / Cybersecurity,,Safety in Machine Learning (Deep Learning /  Federated Learning / Split Learning),
Rahim Taheri,Research,Machine Learning / Cybersecurity,,Machine Learning (Deep Learning /  Federated Learning / Split Learning) in Cybersecurity,
Rahim Taheri,Research,Computer Network/ Cybersecurity,,"Sustainable Machine Learning (Deep Learning, Federated Learning, Split Learning) in intrusion detection system / malware detection",
Rahim Taheri,Research,Machine Learning / Cybersecurity,,"Adversarial Machine Learning  (Deep Learning, Federated Learning, Split Learning)  in intrusion detection system / malware detection",
Rahim Taheri,Research,Machine Learning / Cybersecurity,,5G Security ,
Rahim Taheri,Research,Computer Network/ Cybersecurity,,SDN / IoT Security,
Rich Boakes,,,,Unit timetables for staff at UoP (collaboration with IS),
Rinat Khusainov,Engineering / Research,AI and Cyber security,AI for cyber security,AI for cyber security,
Rinat Khusainov,Engineering / Research,Computer Vision and AI,Smart wireless optical sensor,"develop a prototype system that consist of a wireless camera for capturing images or videos and a small computer (like Raspberry Pi with wireless connectivity) to process the imaging data. The objective would be to create a sensor that can capture images and do some AI processing inside the sensor (i.e. at the edge). You can select a specific application with existing software packages available (so you do not need to develop it from scratch), for instance counting people, or detecting if someone is lying on the floor (a fall), etc. The aim would be to demonstrate that the sensor can do analysis at the edge and send out only the information of interest, rather than raw images.",
Rinat Khusainov,Engineering / Research,Health and AI,Monitoring hospital wards,"the aim of this project is to implement a system for monitoring wellbeing of patients in hospital wards using computer vision and AI techniques. The project would be useful, for example, to support nurses in hospitals with looking after patients. Possible scenarios can include monitoring patient position, falls, food or water intake, and other wellbeing and safety aspects.",
Rinat Khusainov,Engineering / Research,Health and AI,Monitoring medication intake,"the aim of this project is to implement a system for monitoring people taking their medication correctly (e.g. at the right time, the right medicines, etc) from video using computer vision and artificial intelligence techniques. The project would be useful, for example, for helping elderly people living on their own to take their meds correctly and providing piece of mind to their family.",
Rinat Khusainov,Engineering / Research,Health and AI,Monitoring personal hygiene,"the aim of this project is to implement a system for monitoring personal hygiene practices, such as handwashing, to ensure that people adhere to the recommended practises (e.g. washing with soap for at least 20 sec). The system can use video input, computer vision and artificial intelligence techniques. The project could be useful for monitoring hygiene in hospitals and other settings.",
Rinat Khusainov,Engineering / Research,Health and AI,Monitoring social distancing and infection protection measures:,"the aim of this project is to implement a system for detecting situations where people may not be adhering to social distancing rules or not following protection measures (e.g. face coverings, etc) from video using computer vision and artificial intelligence techniques. The project would be useful for monitoring risks levels for infection control such as COVID in various environments.",
Rinat Khusainov,Engineering / Research,Health and AI,Recognising daily activities in video,"the aim of this project is to implement a system for recognising typical activities of daily living in video using computer vision and artificial intelligence techniques. The application of this system would in Ambient Assisted Living (AAL), which is concerned with using various technological solutions to allow people with additional care needs live independently in their preferred environment. AAL is of great importance for future healthcare services.",
Rinat Khusainov,Engineering / Research,Health and AI,Recognising daily activities with multi-modal sensors:,"the aim of this project is to implement a system for recognising typical activities of daily living using various sensors, AI, and data science techniques. The project can investigate how different types of sensors (e.g. video, sound, motion, etc) can be combined to improve performance. The application of this system would in Ambient Assisted Living (AAL), which is concerned with using various technological solutions to allow people with additional care needs live independently in their preferred environment. AAL is of great importance for future healthcare services.",
Rinat Khusainov,Engineering / Research,Health and AI,Recognising domestic emergencies in video:,"the aim of this project is to implement a system for recognising domestic emergency or dangerous situations in video (such as falls, leaving switched on cooker or running water) using computer vision and artificial intelligence techniques. The application of this system would in Ambient Assisted Living (AAL), which is concerned with using various technological solutions to allow people with additional care needs live independently in their preferred environment. AAL is of great importance for future healthcare services.",
Rinat Khusainov,Engineering / Research,Health and AI,AI for health technologies,"A practical application of AI in health technoglogies, particularly in assisted living and wellbeing",
Rinat Khusainov,Engineering / Research,Internet of Things,Networked climate monitor,"develop an environmental sensor that can be accessed remotely via the Internet. At the minimum, the sensor would need to monitor temperature. Other parameters, such as relative humidity can also be added. The sensor would need to log the data and provide access via the Internet (e.g. using a web browser). The project will need to investigate suitable hardware for the sensor (for instance a microcontroller or a Raspberry Pi) and develop software to provide data logging and networked access.",
Rinat Khusainov,Engineering / Research,Internet of Things,Internet of Things for home appliances,"the aim of this project is to implement an IoT system for monitoring home appliances. There are multiple applications for home appliance monitoring, from improving energy efficiency to assisted living. In this project, networked vibration sensors can be used to detect when and how different appliances in the house are used. This information can then be collected via home area network.",
Rinat Khusainov,Engineering / Research,Internet of Things,Low energy wireless camera,"develop a prototype system that consist of a battery operated camera for capturing images at regular time intervals and sending them over a wireless connection. The project can use a small computer like Raspberry Pi as an implementation platform. The key objective would be to design the system to minimise the energy usage, so that it can run on a battery without frequent need for recharging.",
Rinat Khusainov,Engineering,Internet of Things,Smart home sensors with MATTER ,"develop a prototype smart home sensor with MATTER interface. MATTER is a recent an open-source, IP-based connectivity standard for smart home devices that ensures seamless interoperability between different brands and ecosystems. The choice of sensor and application scenario is up to you. It can be a smart plug, light bulb, temperature sensor, etc.",
Rinat Khusainov,Engineering / Research,Health and IoT,Health and wellbeing IoT,IoT technologies for health and wellbeing,
Rinat Khusainov,Study,Health and wellbeing technologies,Acceptability and adoption of health technologies,"The aim of the project is to study acceptability issues and possible barriers for adoption of emerging health and wellbeing technologies.  As health and wellbeing technologies are becoming more advanced, they use more sensors, collect more data, get involved in more aspects of people's lives. This presents new concerns for users related to privacy, security, and usability. There are also multiple stakeholders being involved, such as family members, carers, medical practitioners. Thus, there is a need to gain better understanding of these issues and ideally inform the design and development of future health and wellbeing systems and products.",
Ronel Beukman,Study,Education,successful adoption of new technologies for teaching and learning,"Integration model for successful adoption of new technologies for teaching and learning. Look at risk, infrastructure, challenges and opportunities.",
Ronel Beukman,Study,Education,the future classroom,"""What will the future classroom looks like?"" - could be study or engineering project (the virtual classroom application)",
Ronel Beukman,Study,Education,the impact of Teaching Enhanced Learning Spaces (TELS) on teaching and learning methodologies,Exploring the impact of Teaching Enhanced Learning Spaces (TELS) on teaching and learning methodologies,
Ronel Beukman,Engineering,,"""Student life"" in one central place","An app for students to connect ""life"" in one central place. Dashboard to combine study schedule, content, time tables, part-time work, reminders, meetings.....all in one place.",
Ronel Beukman,,,,Need a student with strong web design and programming skills to deisgn and implement an interactive and dynamic webtool. ,
Ronel Beukman,,,,How should we consider secure-by-design to mitigate security vulnerabilities?,
Shelley Usher,Study,Education,How is modern technology being used in the classroom,A systematic literature review focused on the examination of existing educational technology usage across educational organisations,
Shelley Usher,Engineering,Project monitoring,Project Dashboard,"The creation of a project 'dashboard' suitable for use with small scale projects. The dashboard should show things such as upcoming tasks, any late tasks, timescales, current spending etc and act as a snapshot of the project progress. From the dashboard usersshould be able to select specific parts of the dashboard and see details when required",
Shelley Usher,Study,Information Systems,Are Information Systems affordable for SMEs,"A review of existing systems, their vendors, costs etc to determine if cost is adversly affecting the technology uptake rate of SMEs",
Shelley Usher,Study,Information Systems,What is the role of Information Systems?,"A systematic literature review focused on the examination of existing information systems types, vendors, benefits, issues, usage developing a report aimed at informing new management about the role of Information Systems and their available choices",
Shelley Usher,Study,Project Management,What is project management?,There is a lot of erroneous information on the web around what is and what isn't a project management methodology so I'd like to see a  systematic literature review focused on the examination of existing project management methodologies (and software development lifecycles?) and how they relate to software project management today. ,
Shikun Zhou,Engineering / Research,Computer networks,Aerial Wifi,"Deploying an aerial WiFi network from a drone, for internet connectivity",
Shikun Zhou,Engineering,"IoT, Network server and services",NAS storage with Raspberry Pi,Turn any hard drive into NAS storage with Raspberry Pi,
Shikun Zhou,Engineering,"IoT, Network server and services",Network Monitoring Tool,Turn Your Raspberry Pi into a Network Monitoring Tool with SNMP and RMON,
Shikun Zhou,Engineering,"IoT, Network server and services",Mini Home Cloud,Raspberry PI Home Media Server,
Shikun Zhou,Engineering,"IoT, Network server and services",Mini Home Net Server,Home-wide ad-blocker using a RPi ,
Shikun Zhou,Engineering,"IoT, Network server and services",Mini Home Net SNMP,Raspberry Pi Smart Wifi router,
Shikun Zhou,Engineering,Security and network services,Mini Net Controller,Security on Home Automation on a RPi and mobile app,
Shikun Zhou,Engineering,Web Apps,Journey planner SWR ,Design and implement an intelligent journey planner for southeast train line users,
Shikun Zhou,Engineering,"IoT, Network server and services",Wifi Smart Car/Tank/Submarine,Develop a Web Interface for A Raspberry Pi Remote Controlled unmanned Car/Moonwalker/2 * 1:16 Tank/mini submarine (one project per device),
Sohail Safdar,Engineering / Research,Health and IT,First Aid Response Assistance Framework for Naive person.,The aim of this project is to adapt ABCD model for providing medical assistance in case of emergencies. The investigation has to be done to find the criteria for preliminary diagnosis by viewing aparent symptoms and to suggest the potential actions using the automation and applications. It can be using camera to apply some symptoms recognition to suggest possible actions or any other criteria as explored by researcher,
Stavros Shiaeles,Engineering,Web apps and Business Information Systems,ERP management system for Wholesale and Retail Food.,"The project idea is to work with a client to develop a system that will be able to manage its stock, resellers and client order. The system will be using php and js along with mysql (or not sql db like mongo).",
Stavros Shiaeles,Engineering / Research,,,Blcochain for medical data,
Stavros Shiaeles,Engineering / Research,,,Dealing with fake news using machine learning,
Stavros Shiaeles,Engineering / Research,,,Bioinspiring models to crawl dark web,
Stavros Shiaeles,Engineering / Research,,,metamorphic and polymorphic malware mitigation,
Stavros Shiaeles,Engineering / Research,,,comparing platforms for cyber security education,
Stavros Shiaeles,Engineering / Research,,,Maritime cyber secuirty issues,
Stavros Shiaeles,Engineering / Research,,,Power Infrastructures security issues,
Stavros Shiaeles,Engineering / Research,,,social network geolocation,
Stavros Shiaeles,Engineering / Research,,,3D biometric authentication,
Stavros Shiaeles,Engineering / Research,,,autonomou vehicles security issues,
Stavros Shiaeles,Engineering / Research,,,Insider threat detection using cameras and behavior analysis,
Stavros Shiaeles,Engineering / Research,,,Encrypted traffic profiling using AI and Zeek,
Stavros Shiaeles,Engineering / Research,,,Transparent Biometrics using AI,
Stavros Shiaeles,Engineering,Web app,AI Invoice management system,The purpose of this project is to help accountants to import invoices by develop an AI able to read invoices even handwritten invoices and import them to a database for further analysis. ,
Stavros Shiaeles,Engineering / Research,,,EDR utilising Generative AI,
Stavros Shiaeles,Engineering / Research,,,Synthetic Data Generator using AI for Network and Log files,
Stavros Shiaeles,Research/Study,,,O-RAN 6G Systems and Vurnerabilities,
Tamer Elboghdadly,Engineering / Research,,,"Maritime Container Terminal Problems: Optimization methods, algorithms, smart technology used, BAP, Logistics problems,..etc.",
Tamer Elboghdadly,Engineering / Research,,,Rota Optimization for Healthcare Systems,
Tamer Elboghdadly,Engineering,,,"Mobile applications, e.g. for Healthcare systems.",
Tamer Elboghdadly,Engineering / Research,,,Trading Strategy Optimization,
Tamer Elboghdadly,Engineering,,,Web Applications,
Uchenna Ogenyi,Engineering,,Enhancing Collision Avoidance in Industrial Robot Manipulators through Gaussian Mixture Model-Based Potential Fields,"This topic could focus on the development and implementation of an obstacle avoidance algorithm that combines Gaussian mixture models with potential fields (or other approaches) to improve collision avoidance capabilities in industrial robot manipulators. The research could delve into the technical details of the algorithm, its effectiveness, and real-world applications. The research could address issues related to dynamic obstacles, scalability, and the algorithm's ability to adapt to changing environments, making it suitable for industrial automation applications.",
Uchenna Ogenyi,Engineering / Research,,Improving Task Efficiency Through Enhanced Human-Robot Collaboration.,"The demand for human-robot collaboration is increasing across sectors such as manufacturing, healthcare, and logistics, highlighting the growing need for ongoing enhancements in collaborative methods between humans and robots in these environments. This project proposes to develop and optimise human-robot collaboration algorithms within various settings/industries, with the aim of enhancing task efficiency and overall productivity.
",
Uchenna Ogenyi,Engineering,,Robot Adaptability through Observational Learning: A Study in Human-Robot Interaction,"The project centers on the development of adaptive learning methods that enable robots to observe and learn from human behaviours. By mimicking human actions and responses, these robots can adapt to new tasks or changes in environmental conditions, enhancing their versatility and usefulness in various applications. The adaptive learning method involves the use of machine learning techniques to facilitate the robots' learning process.",
Uchenna Ogenyi,Engineering / Research,Computer Vision,Accurate Real-Time Object Dimension Estimation Using Camera Calibration and Computer Vision,"This project addresses the problem of deriving reliable real-world object measurements from 2D camera images by proposing a Computer Vision–based approach that uses a known planar reference (A4 paper) to establish metric scale. By leveraging geometric transformations and image processing techniques, the project aims to reduce measurement uncertainty and improve accuracy without requiring specialised hardware such as depth sensors or stereo camera systems.",
Uchenna Ogenyi,Engineering / Research,Machine Learning and Computer Vision,Machine Learning–Driven Waste Classification Using Computer Vision and Interactive GUI,"This project addresses the problem of automating waste classification using low-cost Computer Vision and machine learning techniques. The proposed system focuses on classifying waste items into four predefined categories, covering eight distinct waste objects, using image-based recognition. By leveraging supervised learning and visual features, the system aims to demonstrate how common waste items can be reliably identified and categorised using a standard camera and trained classification model.",
Zaynab Lamoyero,Research/Study,Gamification and Cybersecurity Education ,Gamification and Cybersecurity Education ,The effectiveness of gamification as a technique  in improving cybersecurity knowledge and retention,
Zaynab Lamoyero,Research,Gen AI,Exploring Bias in Generative AI: How Stereotypes Appear in AI-Generated Responses,,
Zhaojie Ju,,,,"The research evaluates the feasibility, accuracy, and limitations of a lightweight vision-based waste classifier, with potential applications in smart bins, recycling facilities, environmental monitoring, and assistive decision-support tools.",
Gelayol Golcarenarenji (Grace),Engineering / Research,Computer vision /Gen AI,,"Disaster managment /response, motion detection/behaviour analysis/search and rescue mission",
Nadim Bakhshov,Education/Edingeering,CIL Development for LLM,,to develop control interface layers between user and LLM,
,,,,,
,,,,,
,,,,,
,,,,,
,,,,,
,,,,,
,,,,,
,,,,,
,,,,,
,,,,,
,,,,,
,,,,,
,,,,,
,,,,,
,,,,,
,,,,,
,,,,,
,,,,,
,,,,,
,,,,,
,,,,,
,,,,,
,,,,,
,,,,,
,,,,,
,,,,,
,,,,,
,,,,,
,,,,,
,,,,,
,,,,,
,,,,,
,,,,,
,,,,,
,,,,,
,,,,,
,,,,,
,,,,,
,,,,,
,,,,,
,,,,,
,,,,,
,,,,,
,,,,,
,,,,,
,,,,,
,,,,,
,,,,,
,,,,,
,,,,,
,,,,,
,,,,,
,,,,,
,,,,,
,,,,,
,,,,,
,,,,,
,,,,,
,,,,,
,,,,,
,,,,,
,,,,,
,,,,,
,,,,,
,,,,,
,,,,,
,,,,,
,,,,,
,,,,,
,,,,,
,,,,,
,,,,,
,,,,,
,,,,,
,,,,,
,,,,,
,,,,,
,,,,,
,,,,,
,,,,,
,,,,,
,,,,,
,,,,,
,,,,,
,,,,,
,,,,,
,,,,,
,,,,,
,,,,,
,,,,,
,,,,,
,,,,,
,,,,,
,,,,,
,,,,,
,,,,,
,,,,,
,,,,,
,,,,,
,,,,,
,,,,,
,,,,,
,,,,,
,,,,,
,,,,,
,,,,,
,,,,,
,,,,,
,,,,,
,,,,,
,,,,,
,,,,,
,,,,,
,,,,,
,,,,,
,,,,,
,,,,,
,,,,,
,,,,,
,,,,,
,,,,,
,,,,,
,,,,,
,,,,,
,,,,,
,,,,,
,,,,,
,,,,,
,,,,,
,,,,,
,,,,,
,,,,,
,,,,,
,,,,,
,,,,,
,,,,,
,,,,,
,,,,,
,,,,,
,,,,,
,,,,,
,,,,,
,,,,,
,,,,,
,,,,,
,,,,,
,,,,,
,,,,,
,,,,,
,,,,,
,,,,,
,,,,,
,,,,,
,,,,,
,,,,,
,,,,,
,,,,,
,,,,,
,,,,,
,,,,,
,,,,,
,,,,,
,,,,,
,,,,,
,,,,,
,,,,,
,,,,,
,,,,,
,,,,,
,,,,,
,,,,,
,,,,,
,,,,,
,,,,,
,,,,,
,,,,,
,,,,,
,,,,,
,,,,,
,,,,,
,,,,,
,,,,,
,,,,,
,,,,,
,,,,,
,,,,,
,,,,,
,,,,,
,,,,,
,,,,,
,,,,,
,,,,,
,,,,,
,,,,,
,,,,,
,,,,,
,,,,,
,,,,,
,,,,,
,,,,,
,,,,,
,,,,,
,,,,,
,,,,,
,,,,,
,,,,,
,,,,,
,,,,,
,,,,,
,,,,,
,,,,,
,,,,,
,,,,,
,,,,,
,,,,,
,,,,,
,,,,,
,,,,,
,,,,,
,,,,,
,,,,,
,,,,,
,,,,,
,,,,,
,,,,,
,,,,,
,,,,,
,,,,,
,,,,,
,,,,,
,,,,,
,,,,,
,,,,,
,,,,,
,,,,,
,,,,,
,,,,,
,,,,,
,,,,,
,,,,,
,,,,,
,,,,,
,,,,,
,,,,,
,,,,,
,,,,,
,,,,,
,,,,,
,,,,,
,,,,,
,,,,,
,,,,,
,,,,,
,,,,,
,,,,,
,,,,,
,,,,,
,,,,,
,,,,,
,,,,,
,,,,,
,,,,,
,,,,,
,,,,,
,,,,,
,,,,,
,,,,,
,,,,,
,,,,,
,,,,,
,,,,,
,,,,,
,,,,,
,,,,,
,,,,,
,,,,,
,,,,,
,,,,,
,,,,,
,,,,,
,,,,,
,,,,,
,,,,,
,,,,,
,,,,,
,,,,,
,,,,,
,,,,,
,,,,,
,,,,,
,,,,,
,,,,,
,,,,,
,,,,,
,,,,,
,,,,,
,,,,,
,,,,,
,,,,,
,,,,,
,,,,,
,,,,,
,,,,,
,,,,,
,,,,,
,,,,,
,,,,,
,,,,,
,,,,,
,,,,,
,,,,,
,,,,,
,,,,,
,,,,,
,,,,,
,,,,,
,,,,,
,,,,,
,,,,,
,,,,,
,,,,,
,,,,,
,,,,,
,,,,,
,,,,,
,,,,,
,,,,,
,,,,,
,,,,,
,,,,,
,,,,,
,,,,,
,,,,,
,,,,,
,,,,,
,,,,,
,,,,,
,,,,,
,,,,,
,,,,,
,,,,,
,,,,,
,,,,,
,,,,,
,,,,,
,,,,,
,,,,,
,,,,,
,,,,,
,,,,,
,,,,,
,,,,,
,,,,,
,,,,,
,,,,,
,,,,,
,,,,,
,,,,,
,,,,,
,,,,,
,,,,,
,,,,,
,,,,,
,,,,,
,,,,,
,,,,,
,,,,,
,,,,,
,,,,,
,,,,,
,,,,,
,,,,,
,,,,,
,,,,,
,,,,,
,,,,,
,,,,,
,,,,,
,,,,,
,,,,,
,,,,,
,,,,,
,,,,,
,,,,,
,,,,,
,,,,,
,,,,,
,,,,,
,,,,,
,,,,,
,,,,,
,,,,,
,,,,,
,,,,,
,,,,,
,,,,,
,,,,,
,,,,,
,,,,,
,,,,,
,,,,,
,,,,,
,,,,,
,,,,,
,,,,,
,,,,,
,,,,,
,,,,,
,,,,,
,,,,,
,,,,,
,,,,,
,,,,,
,,,,,
,,,,,
,,,,,
,,,,,
,,,,,
,,,,,
,,,,,
,,,,,
,,,,,
,,,,,
,,,,,
,,,,,
,,,,,
,,,,,
,,,,,
,,,,,
,,,,,
,,,,,
,,,,,
,,,,,
,,,,,
,,,,,
,,,,,
,,,,,
,,,,,
,,,,,
,,,,,
,,,,,
,,,,,
,,,,,
,,,,,
,,,,,
,,,,,
,,,,,
,,,,,
,,,,,
,,,,,
,,,,,
,,,,,
,,,,,
,,,,,
,,,,,
,,,,,
,,,,,
,,,,,
,,,,,
,,,,,
,,,,,
,,,,,
,,,,,
,,,,,
,,,,,
,,,,,
,,,,,
,,,,,
,,,,,
,,,,,
,,,,,
,,,,,
,,,,,
,,,,,
,,,,,
,,,,,
,,,,,
,,,,,
,,,,,
,,,,,
,,,,,
,,,,,
,,,,,
,,,,,
,,,,,
,,,,,
,,,,,
,,,,,
,,,,,
,,,,,
,,,,,
,,,,,
,,,,,
,,,,,
,,,,,
,,,,,
,,,,,
,,,,,
,,,,,
,,,,,
,,,,,
,,,,,
,,,,,
,,,,,
,,,,,
,,,,,
,,,,,
,,,,,
,,,,,
,,,,,
,,,,,
,,,,,
,,,,,
,,,,,
,,,,,
,,,,,
,,,,,
,,,,,
,,,,,
,,,,,
,,,,,
,,,,,
,,,,,
,,,,,
,,,,,
,,,,,
,,,,,
,,,,,
,,,,,
,,,,,
,,,,,
,,,,,
,,,,,
,,,,,
,,,,,
,,,,,
,,,,,
,,,,,
,,,,,
,,,,,
,,,,,
,,,,,
,,,,,
,,,,,
,,,,,
,,,,,
,,,,,
,,,,,
,,,,,
,,,,,
,,,,,
,,,,,
,,,,,
,,,,,
,,,,,
,,,,,
,,,,,
,,,,,
,,,,,
,,,,,
,,,,,
,,,,,
,,,,,
,,,,,
,,,,,
,,,,,
,,,,,
,,,,,
,,,,,
,,,,,
,,,,,
,,,,,
,,,,,
,,,,,
,,,,,
,,,,,
,,,,,
,,,,,
,,,,,
,,,,,
,,,,,
,,,,,
,,,,,
,,,,,
,,,,,
,,,,,
,,,,,
,,,,,
,,,,,
,,,,,
,,,,,
,,,,,
,,,,,
,,,,,
,,,,,
,,,,,
,,,,,
,,,,,
,,,,,
,,,,,
,,,,,
,,,,,
,,,,,
,,,,,
,,,,,
,,,,,
,,,,,
,,,,,
,,,,,
,,,,,
,,,,,
,,,,,
,,,,,
,,,,,
,,,,,
,,,,,
,,,,,
,,,,,
,,,,,
,,,,,
,,,,,
,,,,,
,,,,,
,,,,,
,,,,,
,,,,,
,,,,,
,,,,,
,,,,,
,,,,,
,,,,,
,,,,,
,,,,,
,,,,,
,,,,,
,,,,,
,,,,,
,,,,,
,,,,,
,,,,,
,,,,,
,,,,,
,,,,,
,,,,,
,,,,,
,,,,,
,,,,,
,,,,,
,,,,,
,,,,,
,,,,,
,,,,,
,,,,,
,,,,,
,,,,,
,,,,,
,,,,,
,,,,,
,,,,,
,,,,,
,,,,,
,,,,,
,,,,,
,,,,,
,,,,,
,,,,,
,,,,,
,,,,,
,,,,,
,,,,,
,,,,,
,,,,,
,,,,,
,,,,,
,,,,,
,,,,,
,,,,,
,,,,,
,,,,,
,,,,,
,,,,,
,,,,,
,,,,,
,,,,,
,,,,,
,,,,,
,,,,,
,,,,,
,,,,,
,,,,,
,,,,,
,,,,,
,,,,,
,,,,,
,,,,,
,,,,,
,,,,,
,,,,,
,,,,,
,,,,,
,,,,,
,,,,,
,,,,,
,,,,,
,,,,,
,,,,,
,,,,,
,,,,,
,,,,,
,,,,,
,,,,,
,,,,,
,,,,,
,,,,,
,,,,,
,,,,,
,,,,,
,,,,,
,,,,,
,,,,,
,,,,,
,,,,,
,,,,,
,,,,,
,,,,,
,,,,,
,,,,,
,,,,,
,,,,,
,,,,,
,,,,,
,,,,,
,,,,,
,,,,,
,,,,,
,,,,,
,,,,,
,,,,,
,,,,,
,,,,,
,,,,,
,,,,,
,,,,,
,,,,,
,,,,,
,,,,,
,,,,,
